Workbook

Sheet raw
A1: 단위 : 원 (VAT 포함) | D1: =SUBTOTAL(9,D4:D202) -> 127461579592 | E1: =SUBTOTAL(9,E4:E202) -> 3.5405994e+09 | G1: =SUBTOTAL(9,G4:G202) -> 16880 | J1: =SUBTOTAL(9,J4:J202) -> 2.7097282e+10 | K1: =SUBTOTAL(9,K4:K202) -> 2.3159231e+10 | L1: =SUBTOTAL(9,L4:L195) -> 146.10044 | M1: =SUBTOTAL(9,M4:M195) -> 673127350 | N1: =SUBTOTAL(9,N4:N195) -> 0 | O1: =SUBTOTAL(9,O4:O195) -> 532270500 | P1: =SUBTOTAL(9,P4:P195) -> 0 | Q1: =SUBTOTAL(9,Q4:Q195) -> 215127190 | R1: =SUBTOTAL(9,R4:R195) -> 320691250 | S1: =SUBTOTAL(9,S4:S195) -> 1225072458 | ... BB1: =SUBTOTAL(9,BB4:BB195) -> 2671463691 | BC1: =SUBTOTAL(9,BC4:BC202) -> 2667121147 | BD1: =SUBTOTAL(9,BD4:BD202) -> 2382685134
A2: 거래처정보 | D2: 계약정보 | J2: 누적 | M2: 2024.12 | O2: 2025.01 | Q2: 2025.02 | S2: 2025.03 | U2: 2025.04 | W2: 2025.05 | Y2: 2025.06 | AA2: 2025.07 | AC2: 2025.08 | AE2: 2025.09 | AG2: 2025.10 | AI2: 2025.11 | AK2: 2025.12 | AM2: 1월 | AO2: 2월 | AQ2: 3월 | AS2: 4월 | AU2: 5월 | AW2: 6월 | AY2: 7월 | BA2: 8월 | BC2: 9월
A3: no. | B3: 실납처 | C3: 실납처명 | D3: 계약금액 | E3: 월목표 | F3: 유형 | G3: 병상수 | H3: 계약시작 | I3: 회전 | J3: 매출누계 | K3: 수금누계 | L3: 수금율 | M3: 매출 | N3: 수금 | O3: 매출 | P3: 수금 | Q3: 매출 | R3: 수금 | S3: 매출 | T3: 수금 | U3: 매출 | V3: 수금 | W3: 매출 | X3: 수금 | Y3: 매출 | Z3: 수금 | AA3: 매출 | AB3: 수금 | AC3: 매출 | AD3: 수금 | AE3: 매출 | AF3: 수금 | AG3: 매출 | AH3: 수금 | AI3: 매출 | AJ3: 수금 | AK3: 매출 | AL3: 수금 | AM3: 매출 | AN3: 수금 | AO3: 매출 | AP3: 수금 | AQ3: 매출 | AR3: 수금 | AS3: 매출 | AT3: 수금 | AU3: 매출 | AV3: 수금 | AW3: 매출 | AX3: 수금 | AY3: 매출 | AZ3: 수금 | BA3: 매출 | BB3: 수금 | BC3: 매출 | BD3: 수금
A4: 1 | B4: 10031447 | C4: 신촌연세병원 | D4: 654495400 | E4: =D4/36 -> 18180428 | F4: 사용량비례형 | G4: 72 | H4: 2025-08-22 | I4: 30일 | J4: =M4+O4+Q4+S4+U4+W4+Y4+AA4+AC4+AE4+AG4+AI4+AK4+AM4+AO4+AQ4+AS4+AU4+AW4+AY4+BA4+BC4 -> 66332001 | K4: =N4+P4+R4+T4+V4+X4+Z4+AB4+AD4+AF4+AH4+AJ4+AL4+AN4+AP4+AR4+AT4+AV4+AX4+AZ4+BB4+BD4 -> 50328000 | L4: =K4/J4 -> 0.7587288 | M4: 0 | N4: 0 | O4: 0 | P4: 0 | Q4: 0 | R4: 0 | S4: 0 | T4: 0 | U4: 0 | V4: 0 | W4: 0 | X4: 0 | Y4: 0 | Z4: 0 | AA4: 0 | AB4: 0 | AC4: 0 | AD4: 0 | AE4: 0 | AF4: 0 | AG4: 0 | AH4: 0 | AI4: 0 | AJ4: 0 | AK4: 3524000 | AL4: 0 | AM4: 7135000.4 | AN4: 0 | AO4: 6917000.2 | AP4: 10659000 | AQ4: 6985000 | AR4: 6917000 | AS4: 6243000.5 | AT4: 6985000 | AU4: 7102000.4 | AV4: 6243000 | AW4: 5877999.6 | AX4: 7102000 | AY4: 6544000.1 | AZ4: 5878000 | BA4: 8327000 | BB4: 0 | BC4: 7677000 | BD4: 6544000
A5: 2 | B5: 10008739 | C5: 씨엠병원 | D5: 663274000 | E5: =D5/36 -> 18424278 | F5: 사용량비례형 | G5: 105 | H5: 2025-09-22 | I5: 30일 | J5: =M5+O5+Q5+S5+U5+W5+Y5+AA5+AC5+AE5+AG5+AI5+AK5+AM5+AO5+AQ5+AS5+AU5+AW5+AY5+BA5+BC5 -> 68248828 | K5: =N5+P5+R5+T5+V5+X5+Z5+AB5+AD5+AF5+AH5+AJ5+AL5+AN5+AP5+AR5+AT5+AV5+AX5+AZ5+BB5+BD5 -> 19134612 | L5: =K5/J5 -> 0.28036543 | M5: 0 | N5: 0 | O5: 0 | P5: 0 | Q5: 0 | R5: 0 | S5: 0 | T5: 0 | U5: 0 | V5: 0 | W5: 0 | X5: 0 | Y5: 0 | Z5: 0 | AA5: 0 | AB5: 0 | AC5: 0 | AD5: 0 | AE5: 0 | AF5: 0 | AG5: 0 | AH5: 0 | AI5: 0 | AJ5: 0 | AK5: 3742000 | AL5: 0 | AM5: 10791000 | AN5: 0 | AO5: 15583000 | AP5: 0 | AQ5: 8312000.4 | AR5: 0 | AS5: 7053180.2 | AT5: 0 | AU5: 112901.8 | AV5: 0 | AW5: 3513779.5 | AX5: 0 | AY5: 8420148 | AZ5: 11420502 | BA5: 5470818 | BB5: 0 | BC5: 5250000 | BD5: 7714110
A6: 3 | B6: 10046812 | C6: 의료법인은성의료재단좋은선린병원 | D6: 837272000 | E6: =D6/36 -> 23257556 | F6: 사용량비례형 | G6: 120 | H6: 2025-06-27 | I6: 30일 | J6: =M6+O6+Q6+S6+U6+W6+Y6+AA6+AC6+AE6+AG6+AI6+AK6+AM6+AO6+AQ6+AS6+AU6+AW6+AY6+BA6+BC6 -> 2.07291e+08 | K6: =N6+P6+R6+T6+V6+X6+Z6+AB6+AD6+AF6+AH6+AJ6+AL6+AN6+AP6+AR6+AT6+AV6+AX6+AZ6+BB6+BD6 -> 184212000 | L6: =K6/J6 -> 0.88866376 | M6: 0 | N6: 0 | O6: 0 | P6: 0 | Q6: 0 | R6: 0 | S6: 0 | T6: 0 | U6: 0 | V6: 0 | W6: 0 | X6: 0 | Y6: 0 | Z6: 0 | AA6: 0 | AB6: 0 | AC6: 0 | AD6: 0 | AE6: 0 | AF6: 0 | AG6: 0 | AH6: 0 | AI6: 0 | AJ6: 0 | AK6: 13449000 | AL6: 0 | AM6: 29421000 | AN6: 13449000 | AO6: 21711000 | AP6: 29421000 | AQ6: 20898000 | AR6: 21711000 | AS6: 23113000 | AT6: 20898000 | AU6: 17026000 | AV6: 23113000 | AW6: 17061000 | AX6: 17026000 | AY6: 20226000 | AZ6: 17061000 | BA6: 21307000 | BB6: 20226000 | BC6: 23079000 | BD6: 21307000
A7: 4 | B7: 10060702 | C7: 동탄시티병원 | D7: 536550000 | E7: =D7/36 -> 14904167 | F7: 사용량비례형 | G7: 90 | H7: 2025-07-31 | I7: 30일 | J7: =M7+O7+Q7+S7+U7+W7+Y7+AA7+AC7+AE7+AG7+AI7+AK7+AM7+AO7+AQ7+AS7+AU7+AW7+AY7+BA7+BC7 -> 1.09792e+08 | K7: =N7+P7+R7+T7+V7+X7+Z7+AB7+AD7+AF7+AH7+AJ7+AL7+AN7+AP7+AR7+AT7+AV7+AX7+AZ7+BB7+BD7 -> 99488000 | L7: =K7/J7 -> 0.90614981 | M7: 0 | N7: 0 | O7: 0 | P7: 0 | Q7: 0 | R7: 0 | S7: 0 | T7: 0 | U7: 0 | V7: 0 | W7: 0 | X7: 0 | Y7: 0 | Z7: 0 | AA7: 0 | AB7: 0 | AC7: 0 | AD7: 0 | AE7: 0 | AF7: 0 | AG7: 0 | AH7: 0 | AI7: 1840000 | AJ7: 0 | AK7: 7312000 | AL7: 0 | AM7: 13760000 | AN7: 1840000 | AO7: 12512000 | AP7: 7312000 | AQ7: 8703999.7 | AR7: 26272000 | AS7: 8576000.4 | AT7: 8704000 | AU7: 12784000 | AV7: 0 | AW7: 12928000 | AX7: 21360000 | AY7: 12064000 | AZ7: 12928000 | BA7: 9008000 | BB7: 12064000 | BC7: 10304000 | BD7: 9008000
A8: 5 | B8: 10032706 | C8: 의료법인백성의료재단안중백병원 | D8: 429235000 | E8: =D8/36 -> 11923194 | F8: 사용량비례형 | G8: 60 | H8: 2025-07-10 | I8: 30일 | J8: =M8+O8+Q8+S8+U8+W8+Y8+AA8+AC8+AE8+AG8+AI8+AK8+AM8+AO8+AQ8+AS8+AU8+AW8+AY8+BA8+BC8 -> 1.31264e+08 | K8: =N8+P8+R8+T8+V8+X8+Z8+AB8+AD8+AF8+AH8+AJ8+AL8+AN8+AP8+AR8+AT8+AV8+AX8+AZ8+BB8+BD8 -> 72643000 | L8: =K8/J8 -> 0.55341144 | M8: 0 | N8: 0 | O8: 0 | P8: 0 | Q8: 0 | R8: 0 | S8: 0 | T8: 0 | U8: 0 | V8: 0 | W8: 0 | X8: 0 | Y8: 0 | Z8: 0 | AA8: 0 | AB8: 0 | AC8: 0 | AD8: 0 | AE8: 0 | AF8: 0 | AG8: 0 | AH8: 0 | AI8: 0 | AJ8: 0 | AK8: 8413000 | AL8: 0 | AM8: 12362000 | AN8: 0 | AO8: 15868000 | AP8: 8413000 | AQ8: 14405000 | AR8: 0 | AS8: 0 | AT8: 12362000 | AU8: 34152000 | AV8: 0 | AW8: 16497000 | AX8: 15868000 | AY8: 13400000 | AZ8: 15000000 | BA8: 8190000 | BB8: 18000000 | BC8: 7977000 | BD8: 3000000
A9: 6 | B9: 10045809 | C9: 의료법인영동의료재단의정부백병원 | D9: 605334000 | E9: =D9/36 -> 16814833 | F9: 사용량비례형 | G9: 100 | H9: 2025-06-26 | I9: 30일 | J9: =M9+O9+Q9+S9+U9+W9+Y9+AA9+AC9+AE9+AG9+AI9+AK9+AM9+AO9+AQ9+AS9+AU9+AW9+AY9+BA9+BC9 -> 1.16296e+08 | K9: =N9+P9+R9+T9+V9+X9+Z9+AB9+AD9+AF9+AH9+AJ9+AL9+AN9+AP9+AR9+AT9+AV9+AX9+AZ9+BB9+BD9 -> 91544000 | L9: =K9/J9 -> 0.78716378 | M9: 0 | N9: 0 | O9: 0 | P9: 0 | Q9: 0 | R9: 0 | S9: 0 | T9: 0 | U9: 0 | V9: 0 | W9: 0 | X9: 0 | Y9: 0 | Z9: 0 | AA9: 0 | AB9: 0 | AC9: 0 | AD9: 0 | AE9: 0 | AF9: 0 | AG9: 0 | AH9: 0 | AI9: 7031000 | AJ9: 0 | AK9: 6773000 | AL9: 0 | AM9: 10192000 | AN9: 0 | AO9: 11258000 | AP9: 13804000 | AQ9: 10855000 | AR9: 10192000 | AS9: 11375000 | AT9: 11258000 | AU9: 12285000 | AV9: 10855000 | AW9: 11791000 | AX9: 11375000 | AY9: 9984000.4 | AZ9: 12285000 | BA9: 12272000 | BB9: 11791000 | BC9: 12480000 | BD9: 9984000
A10: 7 | B10: 10033043 | C10: 메디인병원 | D10: 351426000 | E10: =D10/36 -> 9761833.3 | F10: 사용량비례형 | G10: 30 | H10: 2025-05-29 | I10: 30일 | J10: =M10+O10+Q10+S10+U10+W10+Y10+AA10+AC10+AE10+AG10+AI10+AK10+AM10+AO10+AQ10+AS10+AU10+AW10+AY10+BA10+BC10 -> 89846000 | K10: =N10+P10+R10+T10+V10+X10+Z10+AB10+AD10+AF10+AH10+AJ10+AL10+AN10+AP10+AR10+AT10+AV10+AX10+AZ10+BB10+BD10 -> 78717000 | L10: =K10/J10 -> 0.8761325 | M10: 0 | N10: 0 | O10: 0 | P10: 0 | Q10: 0 | R10: 0 | S10: 0 | T10: 0 | U10: 0 | V10: 0 | W10: 0 | X10: 0 | Y10: 0 | Z10: 0 | AA10: 0 | AB10: 0 | AC10: 0 | AD10: 0 | AE10: 0 | AF10: 0 | AG10: 0 | AH10: 0 | AI10: 0 | AJ10: 0 | AK10: 10003000 | AL10: 0 | AM10: 9494999.8 | AN10: 10003000 | AO10: 6929000.1 | AP10: 9495000 | AQ10: 6105999.9 | AR10: 6929000 | AS10: 8355000.5 | AT10: 6106000 | AU10: 9398999.5 | AV10: 8355000 | AW10: 7645000 | AX10: 9399000 | AY10: 9009999.9 | AZ10: 7645000 | BA10: 11775000 | BB10: 9010000 | BC10: 11129000 | BD10: 11775000
A11: 8 | B11: 10006915 | C11: 해븐리병원 | D11: 1054308548 | E11: =D11/36 -> 29286349 | F11: 사용량비례형 | G11: 117 | H11: 2025-10-23 | I11: 30일 | J11: =M11+O11+Q11+S11+U11+W11+Y11+AA11+AC11+AE11+AG11+AI11+AK11+AM11+AO11+AQ11+AS11+AU11+AW11+AY11+BA11+BC11 -> 83203998 | K11: =N11+P11+R11+T11+V11+X11+Z11+AB11+AD11+AF11+AH11+AJ11+AL11+AN11+AP11+AR11+AT11+AV11+AX11+AZ11+BB11+BD11 -> 75476000 | L11: =K11/J11 -> 0.90711987 | M11: 0 | N11: 0 | O11: 0 | P11: 0 | Q11: 0 | R11: 0 | S11: 0 | T11: 0 | U11: 0 | V11: 0 | W11: 0 | X11: 0 | Y11: 0 | Z11: 0 | AA11: 0 | AB11: 0 | AC11: 0 | AD11: 0 | AE11: 0 | AF11: 0 | AG11: 0 | AH11: 0 | AI11: 0 | AJ11: 0 | AK11: 2692000 | AL11: 0 | AM11: 7072000.1 | AN11: 0 | AO11: 9551999.6 | AP11: 9764000 | AQ11: 8800000 | AR11: 9552000 | AS11: 10080000 | AT11: 8800000 | AU11: 9439999.8 | AV11: 10080000 | AW11: 9695999.5 | AX11: 9440000 | AY11: 9375999.6 | AZ11: 9696000 | BA11: 8768000 | BB11: 9376000 | BC11: 7728000 | BD11: 8768000
A12: 9 | B12: 10033886 | C12: 의료법인우리의료재단 | D12: 1146845000 | E12: =D12/36 -> 31856806 | F12: 사용량비례형 | G12: 241 | H12: 2025-08-28 | I12: 30일 | J12: =M12+O12+Q12+S12+U12+W12+Y12+AA12+AC12+AE12+AG12+AI12+AK12+AM12+AO12+AQ12+AS12+AU12+AW12+AY12+BA12+BC12 -> 5.17049e+08 | K12: =N12+P12+R12+T12+V12+X12+Z12+AB12+AD12+AF12+AH12+AJ12+AL12+AN12+AP12+AR12+AT12+AV12+AX12+AZ12+BB12+BD12 -> 463151000 | L12: =K12/J12 -> 0.89575843 | M12: 0 | N12: 0 | O12: 0 | P12: 0 | Q12: 0 | R12: 0 | S12: 0 | T12: 0 | U12: 0 | V12: 0 | W12: 0 | X12: 0 | Y12: 0 | Z12: 0 | AA12: 0 | AB12: 0 | AC12: 0 | AD12: 0 | AE12: 0 | AF12: 0 | AG12: 0 | AH12: 0 | AI12: 0 | AJ12: 0 | AK12: 82381000 | AL12: 0 | AM12: 39234000 | AN12: 82381000 | AO12: 31564000 | AP12: 39234000 | AQ12: 77142000 | AR12: 31564000 | AS12: 56992000 | AT12: 77142000 | AU12: 35698000 | AV12: 56992000 | AW12: 44343000 | AX12: 35698000 | AY12: 52078000 | AZ12: 44343000 | BA12: 43719000 | BB12: 52078000 | BC12: 53898000 | BD12: 43719000
A13: 10 | B13: 10034115 | C13: 의료법인영문의료재단(다보스) | D13: 420564000 | E13: =D13/36 -> 11682333 | F13: 구독형 | G13: 60 | H13: 2025-09-23 | I13: 0 | J13: =M13+O13+Q13+S13+U13+W13+Y13+AA13+AC13+AE13+AG13+AI13+AK13+AM13+AO13+AQ13+AS13+AU13+AW13+AY13+BA13+BC13 -> 420564000 | K13: =N13+P13+R13+T13+V13+X13+Z13+AB13+AD13+AF13+AH13+AJ13+AL13+AN13+AP13+AR13+AT13+AV13+AX13+AZ13+BB13+BD13 -> 420564000 | L13: =K13/J13 -> 1 | M13: 0 | N13: 0 | O13: 0 | P13: 0 | Q13: 0 | R13: 0 | S13: 0 | T13: 0 | U13: 0 | V13: 0 | W13: 0 | X13: 0 | Y13: 0 | Z13: 0 | AA13: 0 | AB13: 0 | AC13: 0 | AD13: 0 | AE13: 0 | AF13: 0 | AG13: 0 | AH13: 0 | AI13: 420564000 | AJ13: 0 | AK13: 0 | AL13: 0 | AM13: 0 | AN13: 0 | AO13: 0 | AP13: 126169200 | AQ13: 0 | AR13: 294394800 | AS13: 0 | AT13: 0 | AU13: 0 | AV13: 0 | AW13: 0 | AX13: 0 | AY13: 0 | AZ13: 0 | BA13: 0 | BB13: 0 | BC13: 0 | BD13: 0
A14: 11 | B14: 10034679 | C14: 서울성심병원 | D14: 490298000 | E14: =D14/36 -> 13619389 | F14: 사용량비례형 | G14: 80 | H14: 2025-07-07 | I14: 30일 | J14: =M14+O14+Q14+S14+U14+W14+Y14+AA14+AC14+AE14+AG14+AI14+AK14+AM14+AO14+AQ14+AS14+AU14+AW14+AY14+BA14+BC14 -> 1.00027e+08 | K14: =N14+P14+R14+T14+V14+X14+Z14+AB14+AD14+AF14+AH14+AJ14+AL14+AN14+AP14+AR14+AT14+AV14+AX14+AZ14+BB14+BD14 -> 87192000 | L14: =K14/J14 -> 0.87168464 | M14: 0 | N14: 0 | O14: 0 | P14: 0 | Q14: 0 | R14: 0 | S14: 0 | T14: 0 | U14: 0 | V14: 0 | W14: 0 | X14: 0 | Y14: 0 | Z14: 0 | AA14: 0 | AB14: 0 | AC14: 0 | AD14: 0 | AE14: 0 | AF14: 0 | AG14: 0 | AH14: 0 | AI14: 0 | AJ14: 0 | AK14: 7759000 | AL14: 0 | AM14: 12559000 | AN14: 0 | AO14: 9934999.8 | AP14: 20318000 | AQ14: 5438999.5 | AR14: 9935000 | AS14: 10336000 | AT14: 5439000 | AU14: 11513000 | AV14: 10336000 | AW14: 10131000 | AX14: 11513000 | AY14: 9400000.5 | AZ14: 10131000 | BA14: 10120000 | BB14: 9400000 | BC14: 12835000 | BD14: 10120000
A15: 12 | B15: 10044981 | C15: 신일병원 | D15: 404679000 | E15: =D15/36 -> 11241083 | F15: 사용량비례형 | G15: 50 | H15: 2025-07-11 | I15: 30일 | J15: =M15+O15+Q15+S15+U15+W15+Y15+AA15+AC15+AE15+AG15+AI15+AK15+AM15+AO15+AQ15+AS15+AU15+AW15+AY15+BA15+BC15 -> 1.06555e+08 | K15: =N15+P15+R15+T15+V15+X15+Z15+AB15+AD15+AF15+AH15+AJ15+AL15+AN15+AP15+AR15+AT15+AV15+AX15+AZ15+BB15+BD15 -> 95450000 | L15: =K15/J15 -> 0.89578153 | M15: 0 | N15: 0 | O15: 0 | P15: 0 | Q15: 0 | R15: 0 | S15: 0 | T15: 0 | U15: 0 | V15: 0 | W15: 0 | X15: 0 | Y15: 0 | Z15: 0 | AA15: 0 | AB15: 0 | AC15: 0 | AD15: 0 | AE15: 0 | AF15: 0 | AG15: 0 | AH15: 0 | AI15: 0 | AJ15: 0 | AK15: 5964000 | AL15: 0 | AM15: 10713000 | AN15: 0 | AO15: 13101000 | AP15: 5964000 | AQ15: 9824999.8 | AR15: 10713000 | AS15: 12918000 | AT15: 13101000 | AU15: 9395999.8 | AV15: 12743000 | AW15: 9568000.2 | AX15: 14000000 | AY15: 11837000 | AZ15: 14964000 | BA15: 12128000 | BB15: 11837000 | BC15: 11105000 | BD15: 12128000
A16: 13 | B16: 10035069 | C16: 검단탑종합병원 | D16: 1401889000 | E16: =D16/36 -> 38941361 | F16: 사용량비례형 | G16: 280 | H16: 2025-05-20 | I16: 90일 | J16: =M16+O16+Q16+S16+U16+W16+Y16+AA16+AC16+AE16+AG16+AI16+AK16+AM16+AO16+AQ16+AS16+AU16+AW16+AY16+BA16+BC16 -> 4.508744e+08 | K16: =N16+P16+R16+T16+V16+X16+Z16+AB16+AD16+AF16+AH16+AJ16+AL16+AN16+AP16+AR16+AT16+AV16+AX16+AZ16+BB16+BD16 -> 377536400 | L16: =K16/J16 -> 0.83734273 | M16: 0 | N16: 0 | O16: 0 | P16: 0 | Q16: 0 | R16: 0 | S16: 0 | T16: 0 | U16: 0 | V16: 0 | W16: 0 | X16: 0 | Y16: 0 | Z16: 0 | AA16: 0 | AB16: 0 | AC16: 5342000 | AD16: 0 | AE16: 50708800 | AF16: 0 | AG16: 47751600 | AH16: 0 | AI16: 47417200 | AJ16: 0 | AK16: 29072000 | AL16: 103802400 | AM16: 31325200 | AN16: 47417200 | AO16: 20231200 | AP16: 29072000 | AQ16: 23394000 | AR16: 31325200 | AS16: 28542800 | AT16: 0 | AU16: 30392800 | AV16: 43625200 | AW16: 31965200 | AX16: 28542800 | AY16: 31393600 | AZ16: 30392800 | BA16: 37494000 | BB16: 0 | BC16: 35844000 | BD16: 63358800
A17: 14 | B17: 10035078 | C17: 사랑플러스병원 | D17: 279085000 | E17: =D17/36 -> 7752361.1 | F17: 사용량비례형 | G17: 40 | H17: 2025-06-02 | I17: 30일 | J17: =M17+O17+Q17+S17+U17+W17+Y17+AA17+AC17+AE17+AG17+AI17+AK17+AM17+AO17+AQ17+AS17+AU17+AW17+AY17+BA17+BC17 -> 67385999 | K17: =N17+P17+R17+T17+V17+X17+Z17+AB17+AD17+AF17+AH17+AJ17+AL17+AN17+AP17+AR17+AT17+AV17+AX17+AZ17+BB17+BD17 -> 48243000 | L17: =K17/J17 -> 0.71592023 | M17: 0 | N17: 0 | O17: 0 | P17: 0 | Q17: 0 | R17: 0 | S17: 0 | T17: 0 | U17: 0 | V17: 0 | W17: 0 | X17: 0 | Y17: 0 | Z17: 0 | AA17: 0 | AB17: 0 | AC17: 0 | AD17: 0 | AE17: 0 | AF17: 0 | AG17: 0 | AH17: 0 | AI17: 0 | AJ17: 0 | AK17: 2000000 | AL17: 0 | AM17: 6227999.8 | AN17: 0 | AO17: 10475000 | AP17: 0 | AQ17: 9429999.7 | AR17: 0 | AS17: 6361999.6 | AT17: =[1]씽크현황!$AS$18*1000000 -> 28133000 | AU17: 7457000.1 | AV17: 6362000 | AW17: 6291000.1 | AX17: 7457000 | AY17: 7910999.8 | AZ17: 0 | BA17: 5651000 | BB17: 6291000 | BC17: 5581000 | BD17: 0
A18: 15 | B18: 10046570 | C18: 의료법인성지의료재단(성지병원) | D18: 884442000 | E18: =D18/36 -> 24567833 | F18: 사용량비례형 | G18: 130 | H18: 2025-09-02 | I18: 30일 | J18: =M18+O18+Q18+S18+U18+W18+Y18+AA18+AC18+AE18+AG18+AI18+AK18+AM18+AO18+AQ18+AS18+AU18+AW18+AY18+BA18+BC18 -> 2.05374e+08 | K18: =N18+P18+R18+T18+V18+X18+Z18+AB18+AD18+AF18+AH18+AJ18+AL18+AN18+AP18+AR18+AT18+AV18+AX18+AZ18+BB18+BD18 -> 160992000 | L18: =K18/J18 -> 0.78389669 | M18: 0 | N18: 0 | O18: 0 | P18: 0 | Q18: 0 | R18: 0 | S18: 0 | T18: 0 | U18: 0 | V18: 0 | W18: 0 | X18: 0 | Y18: 0 | Z18: 0 | AA18: 0 | AB18: 0 | AC18: 0 | AD18: 0 | AE18: 0 | AF18: 0 | AG18: 0 | AH18: 0 | AI18: 0 | AJ18: 0 | AK18: 3042000 | AL18: 0 | AM18: 20618000 | AN18: 3042000 | AO18: 27495000 | AP18: 3042000 | AQ18: 17095000 | AR18: 20618000 | AS18: 21021000 | AT18: 27495000 | AU18: 20384000 | AV18: 17095000 | AW18: 24089000 | AX18: 21021000 | AY18: 24206000 | AZ18: 20384000 | BA18: 25701000 | BB18: 24089000 | BC18: 21723000 | BD18: 24206000
A19: 16 | B19: 10036016 | C19: 시원병원 | D19: 324592000 | E19: =D19/36 -> 9016444.4 | F19: 사용량비례형 | G19: 30 | H19: 2025-08-11 | I19: 30일 | J19: =M19+O19+Q19+S19+U19+W19+Y19+AA19+AC19+AE19+AG19+AI19+AK19+AM19+AO19+AQ19+AS19+AU19+AW19+AY19+BA19+BC19 -> 37423999 | K19: =N19+P19+R19+T19+V19+X19+Z19+AB19+AD19+AF19+AH19+AJ19+AL19+AN19+AP19+AR19+AT19+AV19+AX19+AZ19+BB19+BD19 -> 34224000 | L19: =K19/J19 -> 0.9144934 | M19: 0 | N19: 0 | O19: 0 | P19: 0 | Q19: 0 | R19: 0 | S19: 0 | T19: 0 | U19: 0 | V19: 0 | W19: 0 | X19: 0 | Y19: 0 | Z19: 0 | AA19: 0 | AB19: 0 | AC19: 0 | AD19: 0 | AE19: 0 | AF19: 0 | AG19: 0 | AH19: 0 | AI19: 0 | AJ19: 0 | AK19: 1328000 | AL19: 0 | AM19: 5056000.4 | AN19: 1328000 | AO19: 3215999.6 | AP19: 5056000 | AQ19: 4591999.5 | AR19: 3216000 | AS19: 5951999.9 | AT19: 4592000 | AU19: 2880000.2 | AV19: 5952000 | AW19: 2431999.9 | AX19: 2880000.2 | AY19: 5119999.5 | AZ19: 2432000 | BA19: 3648000 | BB19: 5120000 | BC19: 3200000 | BD19: 3648000
A20: 17 | B20: 10036590 | C20: 당진종합병원 | D20: 969531000 | E20: =D20/36 -> 26931417 | F20: 사용량비례형 | G20: 160 | H20: 2025-06-30 | I20: 40일 | J20: =M20+O20+Q20+S20+U20+W20+Y20+AA20+AC20+AE20+AG20+AI20+AK20+AM20+AO20+AQ20+AS20+AU20+AW20+AY20+BA20+BC20 -> 2.11737e+08 | K20: =N20+P20+R20+T20+V20+X20+Z20+AB20+AD20+AF20+AH20+AJ20+AL20+AN20+AP20+AR20+AT20+AV20+AX20+AZ20+BB20+BD20 -> 133032000 | L20: =K20/J20 -> 0.62828887 | M20: 0 | N20: 0 | O20: 0 | P20: 0 | Q20: 0 | R20: 0 | S20: 0 | T20: 0 | U20: 0 | V20: 0 | W20: 0 | X20: 0 | Y20: 0 | Z20: 0 | AA20: 0 | AB20: 0 | AC20: 0 | AD20: 0 | AE20: 0 | AF20: 0 | AG20: 0 | AH20: 0 | AI20: 0 | AJ20: 0 | AK20: 7696000 | AL20: 0 | AM20: 13883000 | AN20: 0 | AO20: 13752000 | AP20: 7696000 | AQ20: 8216000.1 | AR20: 14135000 | AS20: 12259000 | AT20: 14004000 | AU20: 19387000 | AV20: 8216000 | AW20: 28381000 | AX20: 11755000 | AY20: 29458000 | AZ20: 19387000 | BA20: 27190000 | BB20: 28381000 | BC20: 51515000 | BD20: 29458000
A21: 18 | B21: 10008171 | C21: 현대병원 | D21: 476620000 | E21: =D21/36 -> 13239444 | F21: 사용량비례형 | G21: 84 | H21: 2025-06-25 | I21: 30일 | J21: =M21+O21+Q21+S21+U21+W21+Y21+AA21+AC21+AE21+AG21+AI21+AK21+AM21+AO21+AQ21+AS21+AU21+AW21+AY21+BA21+BC21 -> 1.43894e+08 | K21: =N21+P21+R21+T21+V21+X21+Z21+AB21+AD21+AF21+AH21+AJ21+AL21+AN21+AP21+AR21+AT21+AV21+AX21+AZ21+BB21+BD21 -> 43033000 | L21: =K21/J21 -> 0.29906042 | M21: 0 | N21: 0 | O21: 0 | P21: 0 | Q21: 0 | R21: 0 | S21: 0 | T21: 0 | U21: 0 | V21: 0 | W21: 0 | X21: 0 | Y21: 0 | Z21: 0 | AA21: 0 | AB21: 0 | AC21: 0 | AD21: 0 | AE21: 0 | AF21: 0 | AG21: 0 | AH21: 0 | AI21: 0 | AJ21: 0 | AK21: 2649000 | AL21: 0 | AM21: 7051000 | AN21: 0 | AO21: 15753000 | AP21: 0 | AQ21: 17760000 | AR21: 9700000 | AS21: 18561000 | AT21: 0 | AU21: 13519000 | AV21: 0 | AW21: 17250000 | AX21: 0 | AY21: 14896000 | AZ21: 0 | BA21: 15462000 | BB21: 15573000 | BC21: 20993000 | BD21: 17760000
A22: 19 | B22: 10037290 | C22: 이화의대부속서울병원 | D22: 220000000 | E22: =D22/36 -> 6111111.1 | F22: 구축형 | G22: 30 | H22: 2025 4Q | I22: 25.12.31 | J22: =M22+O22+Q22+S22+U22+W22+Y22+AA22+AC22+AE22+AG22+AI22+AK22+AM22+AO22+AQ22+AS22+AU22+AW22+AY22+BA22+BC22 -> 220000000 | K22: =N22+P22+R22+T22+V22+X22+Z22+AB22+AD22+AF22+AH22+AJ22+AL22+AN22+AP22+AR22+AT22+AV22+AX22+AZ22+BB22+BD22 -> 220000000 | L22: =K22/J22 -> 1 | M22: 0 | N22: 0 | O22: 0 | P22: 0 | Q22: 0 | R22: 0 | S22: 0 | T22: 0 | U22: 0 | V22: 0 | W22: 0 | X22: 0 | Y22: 0 | Z22: 0 | AA22: 0 | AB22: 0 | AC22: 0 | AD22: 0 | AE22: 220000000 | AF22: 0 | AG22: 0 | AH22: 0 | AI22: 0 | AJ22: 0 | AK22: -220000000 | AL22: 0 | AM22: 220000000 | AN22: 0 | AO22: 0 | AP22: 220000000 | AQ22: 0 | AR22: 0 | AS22: 0 | AT22: 0 | AU22: 0 | AV22: 0 | AW22: 0 | AX22: 0 | AY22: 0 | AZ22: 0 | BA22: 0 | BB22: 0 | BC22: 0 | BD22: 0
A23: 20 | B23: 10037788 | C23: 부안성모병원 | D23: 209165000 | E23: =D23/36 -> 5810138.9 | F23: 분납형 | G23: 44 | H23: 2025-09-08 | I23: 30일 | J23: =M23+O23+Q23+S23+U23+W23+Y23+AA23+AC23+AE23+AG23+AI23+AK23+AM23+AO23+AQ23+AS23+AU23+AW23+AY23+BA23+BC23 -> 209165000 | K23: =N23+P23+R23+T23+V23+X23+Z23+AB23+AD23+AF23+AH23+AJ23+AL23+AN23+AP23+AR23+AT23+AV23+AX23+AZ23+BB23+BD23 -> 209165000 | L23: =K23/J23 -> 1 | M23: 0 | N23: 0 | O23: 0 | P23: 0 | Q23: 0 | R23: 0 | S23: 0 | T23: 0 | U23: 0 | V23: 0 | W23: 0 | X23: 0 | Y23: 0 | Z23: 0 | AA23: 0 | AB23: 0 | AC23: 0 | AD23: 0 | AE23: 0 | AF23: 0 | AG23: 0 | AH23: 0 | AI23: 0 | AJ23: 0 | AK23: 209165000 | AL23: 0 | AM23: 0 | AN23: 69165000 | AO23: 0 | AP23: 70000000 | AQ23: 0 | AR23: 70000000 | AS23: 0 | AT23: 0 | AU23: 0 | AV23: 0 | AW23: 0 | AX23: 0 | AY23: 0 | AZ23: 0 | BA23: 0 | BB23: 0 | BC23: 0 | BD23: 0
A24: 21 | B24: 10038346 | C24: 목포기독병원 | D24: 1600698000 | E24: =D24/36 -> 44463833 | F24: 사용량비례형 | G24: 280 | H24: 2025-06-17 | I24: 30일 | J24: =M24+O24+Q24+S24+U24+W24+Y24+AA24+AC24+AE24+AG24+AI24+AK24+AM24+AO24+AQ24+AS24+AU24+AW24+AY24+BA24+BC24 -> 180983000 | K24: =N24+P24+R24+T24+V24+X24+Z24+AB24+AD24+AF24+AH24+AJ24+AL24+AN24+AP24+AR24+AT24+AV24+AX24+AZ24+BB24+BD24 -> 161305000 | L24: =K24/J24 -> 0.89127156 | M24: 0 | N24: 0 | O24: 0 | P24: 0 | Q24: 0 | R24: 0 | S24: 0 | T24: 0 | U24: 0 | V24: 0 | W24: 0 | X24: 0 | Y24: 0 | Z24: 0 | AA24: 0 | AB24: 0 | AC24: 0 | AD24: 0 | AE24: 0 | AF24: 0 | AG24: 328000 | AH24: 0 | AI24: 0 | AJ24: 0 | AK24: 2789000 | AL24: 0 | AM24: 14000000 | AN24: 0 | AO24: 16332000 | AP24: 3117000 | AQ24: 26378000 | AR24: 24332000 | AS24: 23126000 | AT24: 29378000 | AU24: 20658000 | AV24: 26126000 | AW24: 19804000 | AX24: 20658000 | AY24: 17851000 | AZ24: 19804000 | BA24: 20039000 | BB24: 17851000 | BC24: 19678000 | BD24: 20039000
A25: 22 | B25: 10039242 | C25: 수성한미병원 | D25: 254146000 | E25: =D25/36 -> 7059611.1 | F25: 사용량비례형 | G25: 30 | H25: 2025-07-16 | I25: 30일 | J25: =M25+O25+Q25+S25+U25+W25+Y25+AA25+AC25+AE25+AG25+AI25+AK25+AM25+AO25+AQ25+AS25+AU25+AW25+AY25+BA25+BC25 -> 47931999 | K25: =N25+P25+R25+T25+V25+X25+Z25+AB25+AD25+AF25+AH25+AJ25+AL25+AN25+AP25+AR25+AT25+AV25+AX25+AZ25+BB25+BD25 -> 42120000 | L25: =K25/J25 -> 0.8787449 | M25: 0 | N25: 0 | O25: 0 | P25: 0 | Q25: 0 | R25: 0 | S25: 0 | T25: 0 | U25: 0 | V25: 0 | W25: 0 | X25: 0 | Y25: 0 | Z25: 0 | AA25: 0 | AB25: 0 | AC25: 0 | AD25: 0 | AE25: 0 | AF25: 0 | AG25: 0 | AH25: 0 | AI25: 0 | AJ25: 0 | AK25: 1668000 | AL25: 0 | AM25: 4210000.3 | AN25: 1668000 | AO25: 5992000.3 | AP25: 0 | AQ25: 4270999.7 | AR25: 10202000 | AS25: 5062999.7 | AT25: 4271000 | AU25: 4653999.9 | AV25: 5063000 | AW25: 4380999.7 | AX25: 4654000 | AY25: 5811999.6 | AZ25: 4381000 | BA25: 6069000 | BB25: 5812000 | BC25: 5812000 | BD25: 6069000
A26: 23 | B26: 10039905 | C26: 카톨릭병원(대구) | D26: 137000000 | E26: =D26/36 -> 3805555.6 | F26: 구축형 | G26: 20 | H26: 2025-09-16 | I26: 통살적 결제조건 | J26: =M26+O26+Q26+S26+U26+W26+Y26+AA26+AC26+AE26+AG26+AI26+AK26+AM26+AO26+AQ26+AS26+AU26+AW26+AY26+BA26+BC26 -> 137000000 | K26: =N26+P26+R26+T26+V26+X26+Z26+AB26+AD26+AF26+AH26+AJ26+AL26+AN26+AP26+AR26+AT26+AV26+AX26+AZ26+BB26+BD26 -> 137000000 | L26: =K26/J26 -> 1 | M26: 0 | N26: 0 | O26: 0 | P26: 0 | Q26: 0 | R26: 0 | S26: 0 | T26: 0 | U26: 0 | V26: 0 | W26: 0 | X26: 0 | Y26: 0 | Z26: 0 | AA26: 0 | AB26: 0 | AC26: 0 | AD26: 0 | AE26: 0 | AF26: 0 | AG26: 0 | AH26: 0 | AI26: 0 | AJ26: 0 | AK26: 137000000 | AL26: 0 | AM26: 0 | AN26: 0 | AO26: 0 | AP26: 0 | AQ26: 0 | AR26: 0 | AS26: 0 | AT26: 137000000 | AU26: 0 | AV26: 0 | AW26: 0 | AX26: 0 | AY26: 0 | AZ26: 0 | BA26: 0 | BB26: 0 | BC26: 0 | BD26: 0
A27: 24 | B27: 10003599 | C27: 의료법인온그룹의료재단온종합병원 | D27: 272046000 | E27: =D27/36 -> 7556833.3 | F27: 사용량비례형 | G27: 39 | H27: 2025-06-30 | I27: 30일 | J27: =M27+O27+Q27+S27+U27+W27+Y27+AA27+AC27+AE27+AG27+AI27+AK27+AM27+AO27+AQ27+AS27+AU27+AW27+AY27+BA27+BC27 -> 72696000 | K27: =N27+P27+R27+T27+V27+X27+Z27+AB27+AD27+AF27+AH27+AJ27+AL27+AN27+AP27+AR27+AT27+AV27+AX27+AZ27+BB27+BD27 -> 51350000 | L27: =K27/J27 -> 0.70636623 | M27: 0 | N27: 0 | O27: 0 | P27: 0 | Q27: 0 | R27: 0 | S27: 0 | T27: 0 | U27: 0 | V27: 0 | W27: 0 | X27: 0 | Y27: 0 | Z27: 0 | AA27: 0 | AB27: 0 | AC27: 0 | AD27: 0 | AE27: 0 | AF27: 0 | AG27: 0 | AH27: 0 | AI27: 1180000 | AJ27: 0 | AK27: 0 | AL27: 0 | AM27: 9262000 | AN27: 0 | AO27: 13878000 | AP27: 0 | AQ27: 12687000 | AR27: 0 | AS27: 13422000 | AT27: 1179999.7 | AU27: 14279000 | AV27: 0 | AW27: 2200000 | AX27: 0 | AY27: -15558000 | AZ27: 0 | BA27: 14431000 | BB27: 50170000 | BC27: 6915000 | BD27: 0
A28: 25 | B28: 10041502 | C28: 한라의료원 | D28: 2922731000 | E28: =D28/36 -> 81186972 | F28: 사용량비례형 | G28: 500 | H28: 2025-06-27 | I28: 60일 | J28: =M28+O28+Q28+S28+U28+W28+Y28+AA28+AC28+AE28+AG28+AI28+AK28+AM28+AO28+AQ28+AS28+AU28+AW28+AY28+BA28+BC28 -> 2.76229e+08 | K28: =N28+P28+R28+T28+V28+X28+Z28+AB28+AD28+AF28+AH28+AJ28+AL28+AN28+AP28+AR28+AT28+AV28+AX28+AZ28+BB28+BD28 -> 221341000 | L28: =K28/J28 -> 0.8012953 | M28: 0 | N28: 0 | O28: 0 | P28: 0 | Q28: 0 | R28: 0 | S28: 0 | T28: 0 | U28: 0 | V28: 0 | W28: 0 | X28: 0 | Y28: 0 | Z28: 0 | AA28: 0 | AB28: 0 | AC28: 0 | AD28: 0 | AE28: 0 | AF28: 0 | AG28: 0 | AH28: 0 | AI28: 0 | AJ28: 0 | AK28: 26249000 | AL28: 0 | AM28: 31023000 | AN28: 0 | AO28: 32760000 | AP28: 26249000 | AQ28: 24085000 | AR28: 0 | AS28: 28278000 | AT28: 31023000 | AU28: 25000000 | AV28: 32760000 | AW28: 25000000 | AX28: 0 | AY28: 28946000 | AZ28: 102363000 | BA28: 27334000 | BB28: 28946000 | BC28: 27554000 | BD28: 0
A29: 26 | B29: 10047292 | C29: 의료법인숭인의료재단김해복음병원 | D29: 1705382900 | E29: =D29/36 -> 47371747 | F29: 사용량비례형 | G29: 200 | H29: 2025-08-28 | I29: 30일 | J29: =M29+O29+Q29+S29+U29+W29+Y29+AA29+AC29+AE29+AG29+AI29+AK29+AM29+AO29+AQ29+AS29+AU29+AW29+AY29+BA29+BC29 -> 3.20949e+08 | K29: =N29+P29+R29+T29+V29+X29+Z29+AB29+AD29+AF29+AH29+AJ29+AL29+AN29+AP29+AR29+AT29+AV29+AX29+AZ29+BB29+BD29 -> 108829000 | L29: =K29/J29 -> 0.33908503 | M29: 0 | N29: 0 | O29: 0 | P29: 0 | Q29: 0 | R29: 0 | S29: 0 | T29: 0 | U29: 0 | V29: 0 | W29: 0 | X29: 0 | Y29: 0 | Z29: 0 | AA29: 0 | AB29: 0 | AC29: 0 | AD29: 0 | AE29: 0 | AF29: 0 | AG29: 0 | AH29: 0 | AI29: 0 | AJ29: 0 | AK29: 766000 | AL29: 0 | AM29: 20672000 | AN29: 0 | AO29: 26343000 | AP29: 0 | AQ29: 27209000 | AR29: 0 | AS29: 34560000 | AT29: 0 | AU29: 33868000 | AV29: 20717000 | AW29: 44222000 | AX29: 0 | AY29: 47991000 | AZ29: 0 | BA29: 43419000 | BB29: 53552000 | BC29: 41899000 | BD29: 34560000
... A40: 37 | B40: 10041592 | C40: 비에이치에스한서병원 | D40: 1474061000 | E40: =D40/36 -> 40946139 | F40: 사용량비례형 | G40: 50 | H40: 2025-05-28 | I40: 30일 | J40: =M40+O40+Q40+S40+U40+W40+Y40+AA40+AC40+AE40+AG40+AI40+AK40+AM40+AO40+AQ40+AS40+AU40+AW40+AY40+BA40+BC40 -> 4.1656e+08 | K40: =N40+P40+R40+T40+V40+X40+Z40+AB40+AD40+AF40+AH40+AJ40+AL40+AN40+AP40+AR40+AT40+AV40+AX40+AZ40+BB40+BD40 -> 416152000 | L40: =K40/J40 -> 0.99902055 | M40: 0 | N40: 0 | O40: 0 | P40: 0 | Q40: 0 | R40: 0 | S40: 0 | T40: 0 | U40: 0 | V40: 0 | W40: 0 | X40: 0 | Y40: 0 | Z40: 0 | AA40: 0 | AB40: 0 | AC40: 0 | AD40: 0 | AE40: 2251000 | AF40: 0 | AG40: 12500000 | AH40: 2251000 | AI40: 12500000 | AJ40: 12500000 | AK40: 18531000 | AL40: 12500000 | AM40: 33980000 | AN40: 18531000 | AO40: 41768000 | AP40: 33980000 | AQ40: 46084000 | AR40: 41768000 | AS40: 49624000 | AT40: 46084000 | AU40: 49379000 | AV40: 49624000 | AW40: 52024000 | AX40: 49379000 | AY40: 48231000 | AZ40: 52024000 | BA40: 49280000 | BB40: 48231000 | BC40: 408000 | BD40: 49280000
A41: 38 | B41: 10112765 | C41: 의료법인라움의료재단세웅병원 (구. 10041888) | D41: 436766000 | E41: =D41/36 -> 12132389 | F41: 사용량비례형 | G41: 50 | H41: 2025-09-26 | J41: =M41+O41+Q41+S41+U41+W41+Y41+AA41+AC41+AE41+AG41+AI41+AK41+AM41+AO41+AQ41+AS41+AU41+AW41+AY41+BA41+BC41 -> 3.59531e+08 | K41: =N41+P41+R41+T41+V41+X41+Z41+AB41+AD41+AF41+AH41+AJ41+AL41+AN41+AP41+AR41+AT41+AV41+AX41+AZ41+BB41+BD41 -> 193319000 | L41: =K41/J41 -> 0.53769772 | M41: 0 | N41: 0 | O41: 0 | P41: 0 | Q41: 0 | R41: 0 | S41: 0 | T41: 0 | U41: 0 | V41: 0 | W41: 0 | X41: 0 | Y41: 0 | Z41: 0 | AA41: 0 | AB41: 0 | AC41: 0 | AD41: 0 | AE41: 9332000 | AF41: 0 | AG41: 0 | AH41: 0 | AI41: 36520000 | AJ41: 9332000 | AK41: 22880000 | AL41: 18685000 | AM41: 31550000 | AN41: 17835000 | AO41: 31562000 | AP41: 22880000 | AQ41: 28579000 | AR41: 31550000 | AS41: 32896000 | AT41: 31562000 | AU41: 0 | AV41: 61475000 | AW41: 0 | AX41: 0 | AY41: 71927000 | AZ41: 0 | BA41: 75658000 | BB41: 0 | BC41: 18627000 | BD41: 0
A42: 39 | B42: 10047340 | C42: 시영의료재단영동병원 | D42: 259531000 | E42: =D42/36 -> 7209194.4 | F42: 구축형 | G42: 40 | H42: 2025-09-03 | I42: 30일 | J42: =M42+O42+Q42+S42+U42+W42+Y42+AA42+AC42+AE42+AG42+AI42+AK42+AM42+AO42+AQ42+AS42+AU42+AW42+AY42+BA42+BC42 -> 259531000 | K42: =N42+P42+R42+T42+V42+X42+Z42+AB42+AD42+AF42+AH42+AJ42+AL42+AN42+AP42+AR42+AT42+AV42+AX42+AZ42+BB42+BD42 -> 259531000 | L42: =K42/J42 -> 1 | M42: 0 | N42: 0 | O42: 0 | P42: 0 | Q42: 0 | R42: 0 | S42: 0 | T42: 0 | U42: 0 | V42: 0 | W42: 0 | X42: 0 | Y42: 0 | Z42: 0 | AA42: 0 | AB42: 0 | AC42: 0 | AD42: 0 | AE42: 0 | AF42: 0 | AG42: 259531000 | AH42: 0 | AI42: 0 | AJ42: 0 | AK42: 0 | AL42: 159531000 | AM42: 0 | AN42: 100000000 | AO42: 0 | AP42: 0 | AQ42: 0 | AR42: 0 | AS42: 0 | AT42: 0 | AU42: 0 | AV42: 0 | AW42: 0 | AX42: 0 | AY42: 0 | AZ42: 0 | BA42: 0 | BB42: 0 | BC42: 0 | BD42: 0
A43: 40 | B43: 10040545 | C43: 부산본병원 | D43: 251823000 | E43: =D43/36 -> 6995083.3 | F43: 사용량비례형 | G43: 30 | H43: 2025-07-15 | I43: 30일 | J43: =M43+O43+Q43+S43+U43+W43+Y43+AA43+AC43+AE43+AG43+AI43+AK43+AM43+AO43+AQ43+AS43+AU43+AW43+AY43+BA43+BC43 -> 1.07609e+08 | K43: =N43+P43+R43+T43+V43+X43+Z43+AB43+AD43+AF43+AH43+AJ43+AL43+AN43+AP43+AR43+AT43+AV43+AX43+AZ43+BB43+BD43 -> 100438464 | L43: =K43/J43 -> 0.9333649 | M43: 0 | N43: 0 | O43: 0 | P43: 0 | Q43: 0 | R43: 0 | S43: 0 | T43: 0 | U43: 0 | V43: 0 | W43: 0 | X43: 0 | Y43: 0 | Z43: 0 | AA43: 0 | AB43: 0 | AC43: 0 | AD43: 0 | AE43: 0 | AF43: 0 | AG43: 6567000 | AH43: 0 | AI43: 11123000 | AJ43: 6567000 | AK43: 10490000 | AL43: 11123000 | AM43: 9615999.8 | AN43: 10490000 | AO43: 8770999.6 | AP43: 9616000 | AQ43: 8019999.9 | AR43: 8771000 | AS43: 10885000 | AT43: 8020000 | AU43: 10085000 | AV43: 11132464 | AW43: 7585000.5 | AX43: 10085000 | AY43: 8259000.2 | AZ43: 7585000 | BA43: 8790000 | BB43: 8259000 | BC43: 7418000 | BD43: 8790000
A44: 41 | B44: 10033733 | C44: 의료법인효심의료재단(용인서울병원) | D44: 190000000 | E44: =D44/36 -> 5277777.8 | F44: 구독형 | G44: 30 | H44: 2025-04-23 | I44: 0 | J44: =M44+O44+Q44+S44+U44+W44+Y44+AA44+AC44+AE44+AG44+AI44+AK44+AM44+AO44+AQ44+AS44+AU44+AW44+AY44+BA44+BC44 -> 190000000 | K44: =N44+P44+R44+T44+V44+X44+Z44+AB44+AD44+AF44+AH44+AJ44+AL44+AN44+AP44+AR44+AT44+AV44+AX44+AZ44+BB44+BD44 -> 190000000 | L44: =K44/J44 -> 1 | M44: 0 | N44: 0 | O44: 0 | P44: 0 | Q44: 0 | R44: 0 | S44: 0 | T44: 0 | U44: 0 | V44: 0 | W44: 190000000 | X44: 0 | Y44: 0 | Z44: 0 | AA44: 0 | AB44: 0 | AC44: 0 | AD44: 0 | AE44: 0 | AF44: 0 | AG44: 0 | AH44: 20000000 | AI44: 0 | AJ44: 50000000 | AK44: 0 | AL44: 50000000 | AM44: 0 | AN44: 50000000 | AO44: 0 | AP44: 20000000 | AQ44: 0 | AR44: 0 | AS44: 0 | AT44: 0 | AU44: 0 | AV44: 0 | AW44: 0 | AX44: 0 | AY44: 0 | AZ44: 0 | BA44: 0 | BB44: 0 | BC44: 0 | BD44: 0
A45: 42 | B45: 10039216 | C45: 의료법인춘곡의료재단 | D45: 164163000 | E45: =D45/36 -> 4560083.3 | F45: 구축형 | G45: 20 | H45: 2025-06-09 | I45: 180일 | J45: =M45+O45+Q45+S45+U45+W45+Y45+AA45+AC45+AE45+AG45+AI45+AK45+AM45+AO45+AQ45+AS45+AU45+AW45+AY45+BA45+BC45 -> 164163000 | K45: =N45+P45+R45+T45+V45+X45+Z45+AB45+AD45+AF45+AH45+AJ45+AL45+AN45+AP45+AR45+AT45+AV45+AX45+AZ45+BB45+BD45 -> 164163000 | L45: =K45/J45 -> 1 | M45: 0 | N45: 0 | O45: 0 | P45: 0 | Q45: 0 | R45: 0 | S45: 0 | T45: 0 | U45: 0 | V45: 0 | W45: 0 | X45: 0 | Y45: 164163000 | Z45: 0 | AA45: 0 | AB45: 0 | AC45: 0 | AD45: 0 | AE45: 0 | AF45: 27360500 | AG45: 0 | AH45: 27360500 | AI45: 0 | AJ45: 27360500 | AK45: 0 | AL45: 27360500 | AM45: 0 | AN45: 54721000 | AO45: 0 | AP45: 0 | AQ45: 0 | AR45: 0 | AS45: 0 | AT45: 0 | AU45: 0 | AV45: 0 | AW45: 0 | AX45: 0 | AY45: 0 | AZ45: 0 | BA45: 0 | BB45: 0 | BC45: 0 | BD45: 0
A46: 43 | B46: 10037883 | C46: 화순성심병원 | D46: 936980000 | E46: =D46/36 -> 26027222 | F46: 사용량비례형 | G46: 150 | H46: 2025-05-28 | I46: 30일 | J46: =M46+O46+Q46+S46+U46+W46+Y46+AA46+AC46+AE46+AG46+AI46+AK46+AM46+AO46+AQ46+AS46+AU46+AW46+AY46+BA46+BC46 -> 339951001 | K46: =N46+P46+R46+T46+V46+X46+Z46+AB46+AD46+AF46+AH46+AJ46+AL46+AN46+AP46+AR46+AT46+AV46+AX46+AZ46+BB46+BD46 -> 319026000 | L46: =K46/J46 -> 0.93844701 | M46: 0 | N46: 0 | O46: 0 | P46: 0 | Q46: 0 | R46: 0 | S46: 0 | T46: 0 | U46: 0 | V46: 0 | W46: 0 | X46: 0 | Y46: 0 | Z46: 0 | AA46: 0 | AB46: 0 | AC46: 0 | AD46: 0 | AE46: 0 | AF46: 0 | AG46: 25390000 | AH46: 0 | AI46: 32179000 | AJ46: 25390000 | AK46: 28493000 | AL46: 32179000 | AM46: 39226000 | AN46: 28493000 | AO46: 36939000 | AP46: 39226000 | AQ46: 29843000 | AR46: 36939000 | AS46: 36473000 | AT46: 29843000 | AU46: 24317000 | AV46: 36473000 | AW46: 24737000 | AX46: 24317000 | AY46: 20447000 | AZ46: 24737000 | BA46: 20982000 | BB46: 20982000 | BC46: 20925000 | BD46: 20447000
A47: 44 | B47: 10036633 | C47: 예산명지병원 | D47: 611986000 | E47: =D47/36 -> 16999611 | F47: 사용량비례형 | G47: 100 | H47: 2025-05-26 | I47: 30일 | J47: =M47+O47+Q47+S47+U47+W47+Y47+AA47+AC47+AE47+AG47+AI47+AK47+AM47+AO47+AQ47+AS47+AU47+AW47+AY47+BA47+BC47 -> 1.89623e+08 | K47: =N47+P47+R47+T47+V47+X47+Z47+AB47+AD47+AF47+AH47+AJ47+AL47+AN47+AP47+AR47+AT47+AV47+AX47+AZ47+BB47+BD47 -> 169647000 | L47: =K47/J47 -> 0.89465413 | M47: 0 | N47: 0 | O47: 0 | P47: 0 | Q47: 0 | R47: 0 | S47: 0 | T47: 0 | U47: 0 | V47: 0 | W47: 0 | X47: 0 | Y47: 0 | Z47: 0 | AA47: 0 | AB47: 0 | AC47: 4505000 | AD47: 0 | AE47: 20613000 | AF47: 4505000 | AG47: 16273000 | AH47: 10613000 | AI47: 20004000 | AJ47: 10000000 | AK47: 23364000 | AL47: 36277000 | AM47: 21445000 | AN47: 10000000 | AO47: 13562000 | AP47: 18364000 | AQ47: 12346000 | AR47: 21897000 | AS47: 8754000.2 | AT47: 15276000 | AU47: 7634999.9 | AV47: 9000000 | AW47: 9573999.6 | AX47: 8934000 | AY47: 8571999.7 | AZ47: 8209000 | BA47: 11705000 | BB47: 13572000 | BC47: 11271000 | BD47: 3000000
A48: 45 | B48: 10070268 | C48: 천안리턴병원 | D48: 632326000 | E48: =D48/36 -> 17564611 | F48: 사용량비례형 | G48: 110 | H48: 2025-05-20 | I48: 30일 | J48: =M48+O48+Q48+S48+U48+W48+Y48+AA48+AC48+AE48+AG48+AI48+AK48+AM48+AO48+AQ48+AS48+AU48+AW48+AY48+BA48+BC48 -> 1.68896e+08 | K48: =N48+P48+R48+T48+V48+X48+Z48+AB48+AD48+AF48+AH48+AJ48+AL48+AN48+AP48+AR48+AT48+AV48+AX48+AZ48+BB48+BD48 -> 153472000 | L48: =K48/J48 -> 0.90867753 | M48: 0 | N48: 0 | O48: 0 | P48: 0 | Q48: 0 | R48: 0 | S48: 0 | T48: 0 | U48: 0 | V48: 0 | W48: 0 | X48: 0 | Y48: 0 | Z48: 0 | AA48: 0 | AB48: 0 | AC48: 0 | AD48: 0 | AE48: 8893000 | AF48: 0 | AG48: 10776000 | AH48: 8893000 | AI48: 12637000 | AJ48: 10776000 | AK48: 11348000 | AL48: 12637000 | AM48: 12920000 | AN48: 11348000 | AO48: 11738000 | AP48: 12920000 | AQ48: 11268000 | AR48: 11738000 | AS48: 12484000 | AT48: 11268000 | AU48: 12318000 | AV48: 12484000 | AW48: 13783000 | AX48: 12318000 | AY48: 16248000 | AZ48: 13783000 | BA48: 19059000 | BB48: 16248000 | BC48: 15424000 | BD48: 19059000
A49: 46 | B49: 10032935 | C49: 추병원 | D49: 1141151000 | E49: =D49/36 -> 31698639 | F49: 사용량비례형 | G49: 169 | H49: 2025-07-11 | I49: 30일 | J49: =M49+O49+Q49+S49+U49+W49+Y49+AA49+AC49+AE49+AG49+AI49+AK49+AM49+AO49+AQ49+AS49+AU49+AW49+AY49+BA49+BC49 -> 4.73303e+08 | K49: =N49+P49+R49+T49+V49+X49+Z49+AB49+AD49+AF49+AH49+AJ49+AL49+AN49+AP49+AR49+AT49+AV49+AX49+AZ49+BB49+BD49 -> 404855000 | L49: =K49/J49 -> 0.85538228 | M49: 0 | N49: 0 | O49: 0 | P49: 0 | Q49: 0 | R49: 0 | S49: 0 | T49: 0 | U49: 0 | V49: 0 | W49: 0 | X49: 0 | Y49: 0 | Z49: 0 | AA49: 0 | AB49: 0 | AC49: 0 | AD49: 0 | AE49: 52158000 | AF49: 0 | AG49: 45991000 | AH49: 52158000 | AI49: 39868000 | AJ49: 52158000 | AK49: 40104000 | AL49: 0 | AM49: 47039000 | AN49: 33701000 | AO49: 38784000 | AP49: 40104000 | AQ49: 37246000 | AR49: 47039000 | AS49: 38305000 | AT49: 38784000 | AU49: 23680000 | AV49: 37246000 | AW49: 21712000 | AX49: 38305000 | AY49: 19968000 | AZ49: 23680000 | BA49: 34368000 | BB49: 21712000 | BC49: 34080000 | BD49: 19968000
A50: 47-1 | B50: 10003837 | C50: 빌리브세웅병원 | D50: 125000000 | E50: =D50/36 -> 3472222.2 | F50: 구독형 | G50: 10 | H50: 2025-04-01 | I50: 30일 | J50: =M50+O50+Q50+S50+U50+W50+Y50+AA50+AC50+AE50+AG50+AI50+AK50+AM50+AO50+AQ50+AS50+AU50+AW50+AY50+BA50+BC50 -> 125000000 | K50: =N50+P50+R50+T50+V50+X50+Z50+AB50+AD50+AF50+AH50+AJ50+AL50+AN50+AP50+AR50+AT50+AV50+AX50+AZ50+BB50+BD50 -> 125000000 | L50: =K50/J50 -> 1 | M50: 0 | N50: 0 | O50: 0 | P50: 0 | Q50: 0 | R50: 0 | S50: 0 | T50: 0 | U50: 125000000 | V50: 0 | W50: 0 | X50: 0 | Y50: 0 | Z50: 0 | AA50: 0 | AB50: 0 | AC50: 0 | AD50: 0 | AE50: 0 | AF50: 125000000 | AG50: 0 | AH50: 0 | AI50: 0 | AJ50: 0 | AK50: 0 | AL50: 0 | AM50: 0 | AN50: 0 | AO50: 0 | AP50: 0 | AQ50: 0 | AS50: 0 | AU50: 0 | AW50: 0 | AY50: 0 | BC50: 0 | BD50: 0
A51: 47-2 | B51: 10003837 | C51: 빌리브세웅병원 | D51: 505204000 | E51: =D51/36 -> 14033444 | F51: 사용량비례형 | G51: 100 | H51: 2025-10-13 | I51: 30일 | J51: =M51+O51+Q51+S51+U51+W51+Y51+AA51+AC51+AE51+AG51+AI51+AK51+AM51+AO51+AQ51+AS51+AU51+AW51+AY51+BA51+BC51 -> 1.81167e+08 | K51: =N51+P51+R51+T51+V51+X51+Z51+AB51+AD51+AF51+AH51+AJ51+AL51+AN51+AP51+AR51+AT51+AV51+AX51+AZ51+BB51+BD51 -> 138800000 | L51: =K51/J51 -> 0.76614394 | M51: 0 | N51: 0 | O51: 0 | P51: 0 | Q51: 0 | R51: 0 | S51: 0 | T51: 0 | U51: 0 | V51: 0 | W51: 0 | X51: 0 | Y51: 0 | Z51: 0 | AA51: 1204000 | AB51: 0 | AC51: 12748000 | AD51: 1204000 | AE51: 15113000 | AF51: 12748000 | AG51: 14691000 | AH51: 15113000 | AI51: 16287000 | AJ51: 14691000 | AK51: 22155000 | AL51: 0 | AM51: 23404000 | AN51: 38442000 | AO51: 33198000 | AP51: 23404000 | AQ51: 24206000 | AR51: 33198000 | AS51: 2925000.1 | AT51: 0 | AU51: 0 | AV51: 0 | AW51: 0 | AX51: 0 | AY51: 6999999.6 | AZ51: 0 | BA51: 7000000 | BB51: 0 | BC51: 1236000 | BD51: 0
A52: 48-1 | B52: 10021890 | C52: 강영의료재단문산중앙병원 | D52: 112436100 | E52: =D52/36 -> 3123225 | F52: 구독형 | G52: 12 | H52: 2024-12-10 | I52: 합의된 기한 내 | J52: =M52+O52+Q52+S52+U52+W52+Y52+AA52+AC52+AE52+AG52+AI52+AK52+AM52+AO52+AQ52+AS52+AU52+AW52+AY52+BA52+BC52 -> 112436100 | K52: =N52+P52+R52+T52+V52+X52+Z52+AB52+AD52+AF52+AH52+AJ52+AL52+AN52+AP52+AR52+AT52+AV52+AX52+AZ52+BB52+BD52 -> 112436100 | L52: =K52/J52 -> 1 | M52: 112436100 | N52: 0 | O52: 0 | P52: 0 | Q52: 0 | R52: 0 | S52: 0 | T52: 0 | U52: 0 | V52: 112436100 | W52: 0 | X52: 0 | Y52: 0 | Z52: 0 | AA52: 0 | AB52: 0 | AC52: 0 | AD52: 0 | AE52: 0 | AF52: 0 | AG52: 0 | AH52: 0 | AI52: 0 | AJ52: 0 | AK52: 0 | AL52: 0 | AM52: 0 | AO52: 0 | AQ52: 0 | AS52: 0 | AU52: 0 | AW52: 0 | AY52: 0 | BC52: 0 | BD52: 0
A53: 48-2 | B53: 10021890 | C53: 강영의료재단문산중앙병원 | D53: 489469500 | E53: =D53/36 -> 13596375 | F53: 사용량비례형 | G53: 48 | H53: 2025-09-29 | I53: 합의된 기한 내 | J53: =M53+O53+Q53+S53+U53+W53+Y53+AA53+AC53+AE53+AG53+AI53+AK53+AM53+AO53+AQ53+AS53+AU53+AW53+AY53+BA53+BC53 -> 1.50391e+08 | K53: =N53+P53+R53+T53+V53+X53+Z53+AB53+AD53+AF53+AH53+AJ53+AL53+AN53+AP53+AR53+AT53+AV53+AX53+AZ53+BB53+BD53 -> 133504000 | L53: =K53/J53 -> 0.88771269 | M53: 0 | N53: 0 | O53: 0 | P53: 0 | Q53: 0 | R53: 0 | S53: 0 | T53: 0 | U53: 0 | V53: 0 | W53: 0 | X53: 0 | Y53: 0 | Z53: 0 | AA53: 1279000 | AB53: 0 | AC53: 4617000 | AD53: 0 | AE53: 5008000 | AF53: 0 | AG53: 5709000 | AH53: 1279000 | AI53: 5098000 | AJ53: 15334000 | AK53: 4804000 | AL53: 5098000 | AM53: 4983000 | AN53: 4804000 | AO53: 8206999.9 | AP53: 4983000 | AQ53: 13978000 | AR53: 8207000 | AS53: 17981000 | AT53: 13978000 | AU53: 16339000 | AV53: 17981000 | AW53: 14847000 | AX53: 16339000 | AY53: 14872000 | AZ53: 14847000 | BA53: 15782000 | BB53: 14872000 | BC53: 16887000 | BD53: 15782000
A54: 49 | B54: 10031781 | C54: (의)삼성의료재단 | D54: 145000000 | E54: =D54/36 -> 4027777.8 | F54: 구축형 | G54: 18 | H54: 2025-07-22 | I54: 90일 | J54: =M54+O54+Q54+S54+U54+W54+Y54+AA54+AC54+AE54+AG54+AI54+AK54+AM54+AO54+AQ54+AS54+AU54+AW54+AY54+BA54+BC54 -> 145000000 | K54: =N54+P54+R54+T54+V54+X54+Z54+AB54+AD54+AF54+AH54+AJ54+AL54+AN54+AP54+AR54+AT54+AV54+AX54+AZ54+BB54+BD54 -> 145000000 | L54: =K54/J54 -> 1 | M54: 0 | N54: 0 | O54: 0 | P54: 0 | Q54: 0 | R54: 0 | S54: 0 | T54: 0 | U54: 0 | V54: 0 | W54: 0 | X54: 0 | Y54: 0 | Z54: 0 | AA54: 0 | AB54: 0 | AC54: 145000000 | AD54: 0 | AE54: 0 | AF54: 0 | AG54: 0 | AH54: 0 | AI54: 0 | AJ54: 0 | AK54: 0 | AL54: 145000000 | AM54: 0 | AN54: 0 | AO54: 0 | AP54: 0 | AQ54: 0 | AR54: 0 | AS54: 0 | AT54: 0 | AU54: 0 | AV54: 0 | AW54: 0 | AX54: 0 | AY54: 0 | BA54: 0 | BB54: 0 | BC54: 0 | BD54: 0
A55: 50 | B55: 10032281 | C55: 의료법인성수의료재단(인천백병원) | D55: 477867000 | E55: =D55/36 -> 13274083 | F55: 구독형 | G55: 54 | H55: 2025-03-25 | I55: 리스 | J55: =M55+O55+Q55+S55+U55+W55+Y55+AA55+AC55+AE55+AG55+AI55+AK55+AM55+AO55+AQ55+AS55+AU55+AW55+AY55+BA55+BC55 -> 477867000 | K55: =N55+P55+R55+T55+V55+X55+Z55+AB55+AD55+AF55+AH55+AJ55+AL55+AN55+AP55+AR55+AT55+AV55+AX55+AZ55+BB55+BD55 -> 477867000 | L55: =K55/J55 -> 1 | M55: 0 | N55: 0 | O55: 0 | P55: 0 | Q55: 0 | R55: 0 | S55: 0 | T55: 0 | U55: 310938000 | V55: 310938000 | W55: 0 | X55: 0 | Y55: 0 | Z55: 0 | AA55: 149065000 | AB55: 0 | AC55: 17864000 | AD55: 166929000 | AE55: 0 | AF55: 0 | AG55: 0 | AH55: 0 | AI55: 0 | AJ55: 0 | AK55: 0 | AL55: 0 | AM55: 0 | AN55: 0 | AO55: 0 | AP55: 0 | AQ55: 0 | AR55: 0 | AS55: 0 | AT55: 0 | AU55: 0 | AV55: 0 | AW55: 0 | AX55: 0 | AY55: 0 | AZ55: 0 | BA55: 0 | BB55: 0 | BC55: 0 | BD55: 0
A56: 51 | B56: 10033726 | C56: 의료법인동수원병원 | D56: 133103000 | E56: =D56/36 -> 3697305.6 | F56: 구축형 | G56: 20 | H56: 2025-05-09 | I56: 30일 | J56: =M56+O56+Q56+S56+U56+W56+Y56+AA56+AC56+AE56+AG56+AI56+AK56+AM56+AO56+AQ56+AS56+AU56+AW56+AY56+BA56+BC56 -> 133103000 | K56: =N56+P56+R56+T56+V56+X56+Z56+AB56+AD56+AF56+AH56+AJ56+AL56+AN56+AP56+AR56+AT56+AV56+AX56+AZ56+BB56+BD56 -> 133103000 | L56: =K56/J56 -> 1 | M56: 0 | N56: 0 | O56: 0 | P56: 0 | Q56: 0 | R56: 0 | S56: 0 | T56: 0 | U56: 0 | V56: 0 | W56: 133103000 | X56: 0 | Y56: 0 | Z56: 0 | AA56: 0 | AB56: 0 | AC56: 0 | AD56: 133103000 | AE56: 0 | AF56: 0 | AG56: 0 | AH56: 0 | AI56: 0 | AJ56: 0 | AK56: 0 | AL56: 0 | AM56: 0 | AN56: 0 | AO56: 0 | AP56: 0 | AQ56: 0 | AR56: 0 | AS56: 0 | AT56: 0 | AU56: 0 | AV56: 0 | AW56: 0 | AX56: 0 | AY56: 0 | AZ56: 0 | BA56: 0 | BB56: 0 | BC56: 0 | BD56: 0
A57: 52 | B57: 10033875 | C57: 의료법인루가의료재단나은병원(인천) | D57: 965498000 | E57: =D57/36 -> 26819389 | F57: 구독형 | G57: 172 | H57: 2025-03-19 | I57: 리스 | J57: =M57+O57+Q57+S57+U57+W57+Y57+AA57+AC57+AE57+AG57+AI57+AK57+AM57+AO57+AQ57+AS57+AU57+AW57+AY57+BA57+BC57 -> 965498000 | K57: =N57+P57+R57+T57+V57+X57+Z57+AB57+AD57+AF57+AH57+AJ57+AL57+AN57+AP57+AR57+AT57+AV57+AX57+AZ57+BB57+BD57 -> 965498000 | L57: =K57/J57 -> 1 | M57: 0 | N57: 0 | O57: 0 | P57: 0 | Q57: 0 | R57: 0 | S57: 965498000 | T57: 0 | U57: 0 | V57: 0 | W57: 0 | X57: 0 | Y57: 0 | Z57: 0 | AA57: 0 | AB57: 0 | AC57: 0 | AD57: 965498000 | AE57: 0 | AF57: 0 | AG57: 0 | AH57: 0 | AI57: 0 | AJ57: 0 | AK57: 0 | AL57: 0 | AM57: 0 | AN57: 0 | AO57: 0 | AP57: 0 | AQ57: 0 | AR57: 0 | AS57: 0 | AT57: 0 | AU57: 0 | AV57: 0 | AW57: 0 | AX57: 0 | AY57: 0 | AZ57: 0 | BA57: 0 | BB57: 0 | BC57: 0 | BD57: 0
A58: 53 | B58: 10035467 | C58: 춘천성심병원 | D58: 240000000 | E58: =D58/36 -> 6666666.7 | F58: 구축형 | G58: 30 | H58: 2024-11-01 | I58: 3개월 | J58: =M58+O58+Q58+S58+U58+W58+Y58+AA58+AC58+AE58+AG58+AI58+AK58+AM58+AO58+AQ58+AS58+AU58+AW58+AY58+BA58+BC58 -> 240000000 | K58: =N58+P58+R58+T58+V58+X58+Z58+AB58+AD58+AF58+AH58+AJ58+AL58+AN58+AP58+AR58+AT58+AV58+AX58+AZ58+BB58+BD58 -> 240000000 | L58: =K58/J58 -> 1 | M58: 240000000 | N58: 0 | O58: 0 | P58: 0 | Q58: 0 | R58: 0 | S58: 0 | T58: 240000000 | U58: 0 | V58: 0 | W58: 0 | X58: 0 | Y58: 0 | Z58: 0 | AA58: 0 | AB58: 0 | AC58: 0 | AD58: 0 | AE58: 0 | AF58: 0 | AG58: 0 | AH58: 0 | AI58: 0 | AJ58: 0 | AK58: 0 | AL58: 0 | AM58: 0 | AN58: 0 | AO58: 0 | AP58: 0 | AQ58: 0 | AR58: 0 | AS58: 0 | AT58: 0 | AU58: 0 | AV58: 0 | AW58: 0 | AX58: 0 | AY58: 0 | AZ58: 0 | BA58: 0 | BB58: 0 | BC58: 0 | BD58: 0
A59: 54 | B59: 10019136 | C59: 센트럴병원(원주) | D59: 98145000 | E59: =D59/36 -> 2726250 | F59: 구독형 | G59: 12 | H59: 2025-04-14 | I59: 30일 | J59: =M59+O59+Q59+S59+U59+W59+Y59+AA59+AC59+AE59+AG59+AI59+AK59+AM59+AO59+AQ59+AS59+AU59+AW59+AY59+BA59+BC59 -> 98145000 | K59: =N59+P59+R59+T59+V59+X59+Z59+AB59+AD59+AF59+AH59+AJ59+AL59+AN59+AP59+AR59+AT59+AV59+AX59+AZ59+BB59+BD59 -> 98145000 | L59: =K59/J59 -> 1 | M59: 0 | N59: 0 | O59: 0 | P59: 0 | Q59: 0 | R59: 0 | S59: 0 | T59: 0 | U59: 0 | V59: 0 | W59: 98145000 | X59: 0 | Y59: 0 | Z59: 0 | AA59: 0 | AB59: 0 | AC59: 0 | AD59: 98145000 | AE59: 0 | AF59: 0 | AG59: 0 | AH59: 0 | AI59: 0 | AJ59: 0 | AK59: 0 | AL59: 0 | AM59: 0 | AN59: 0 | AO59: 0 | AP59: 0 | AQ59: 0 | AR59: 0 | AS59: 0 | AT59: 0 | AU59: 0 | AV59: 0 | AW59: 0 | AX59: 0 | AY59: 0 | AZ59: 0 | BA59: 0 | BB59: 0 | BC59: 0 | BD59: 0
A60: 55-1 | B60: 10035639 | C60: 강릉아산병원 | D60: 198000000 | E60: =D60/36 -> 5500000 | F60: 구축형 | G60: 40 | H60: 2024-12-23 | I60: 0 | J60: =M60+O60+Q60+S60+U60+W60+Y60+AA60+AC60+AE60+AG60+AI60+AK60+AM60+AO60+AQ60+AS60+AU60+AW60+AY60+BA60+BC60 -> 198000000 | K60: =N60+P60+R60+T60+V60+X60+Z60+AB60+AD60+AF60+AH60+AJ60+AL60+AN60+AP60+AR60+AT60+AV60+AX60+AZ60+BB60+BD60 -> 198000000 | L60: =K60/J60 -> 1 | M60: 0 | N60: 0 | O60: 198000000 | P60: 0 | Q60: 0 | R60: 0 | S60: 0 | T60: 198000000 | U60: 0 | V60: 0 | W60: 0 | X60: 0 | Y60: 0 | Z60: 0 | AA60: 0 | AB60: 0 | AC60: 0 | AD60: 0 | AE60: 0 | AF60: 0 | AG60: 0 | AH60: 0 | AI60: 0 | AJ60: 0 | AK60: 0 | AL60: 0 | AM60: 0 | AN60: 0 | AO60: 0 | AP60: 0 | AQ60: 0 | AR60: 0 | AS60: 0 | AT60: 0 | AU60: 0 | AV60: 0 | AW60: 0 | AX60: 0 | AZ60: 0 | BC60: 0 | BD60: 0
A61: 55-2 | B61: 10035639 | C61: 강릉아산병원 | D61: 654321000 | E61: =D61/36 -> 18175583 | F61: 사용량비례형 | G61: 121 | H61: 2026-04-21 | I61: 0 | J61: =M61+O61+Q61+S61+U61+W61+Y61+AA61+AC61+AE61+AG61+AI61+AK61+AM61+AO61+AQ61+AS61+AU61+AW61+AY61+BA61+BC61 -> 16031000 | K61: =N61+P61+R61+T61+V61+X61+Z61+AB61+AD61+AF61+AH61+AJ61+AL61+AN61+AP61+AR61+AT61+AV61+AX61+AZ61+BB61+BD61 -> 10978000 | L61: =K61/J61 -> 0.68479822 | M61: 0 | N61: 0 | P61: 0 | Q61: 0 | R61: 0 | S61: 0 | U61: 0 | V61: 0 | W61: 0 | X61: 0 | Y61: 0 | Z61: 0 | AA61: 0 | AB61: 0 | AC61: 0 | AD61: 0 | AE61: 0 | AF61: 0 | AG61: 0 | AH61: 0 | AI61: 0 | AJ61: 0 | AK61: 0 | AL61: 0 | AM61: 0 | AN61: 0 | AO61: 0 | AP61: 0 | AQ61: 0 | AR61: 0 | AS61: 0 | AT61: 0 | AU61: 0 | AV61: 0 | AW61: 0 | AX61: 0 | AY61: 4030999.5 | AZ61: 0 | BA61: 6947000 | BB61: 4031000 | BC61: 5053000 | BD61: 6947000
A62: 56 | B62: 10046527 | C62: 비에스종합병원 | D62: 531958000 | E62: =D62/36 -> 14776611 | F62: 구독형 | G62: 52 | H62: 2025-05-26 | I62: 리스 | J62: =M62+O62+Q62+S62+U62+W62+Y62+AA62+AC62+AE62+AG62+AI62+AK62+AM62+AO62+AQ62+AS62+AU62+AW62+AY62+BA62+BC62 -> 312126000 | K62: =N62+P62+R62+T62+V62+X62+Z62+AB62+AD62+AF62+AH62+AJ62+AL62+AN62+AP62+AR62+AT62+AV62+AX62+AZ62+BB62+BD62 -> 312126000 | L62: =K62/J62 -> 1 | M62: 0 | N62: 0 | O62: 0 | P62: 0 | Q62: 0 | R62: 0 | S62: 0 | T62: 0 | U62: 0 | V62: 0 | W62: 0 | X62: 0 | Y62: 0 | Z62: 0 | AA62: 312126000 | AB62: 0 | AC62: 0 | AD62: 0 | AE62: 0 | AF62: 312126000 | AG62: 0 | AH62: 0 | AI62: 0 | AJ62: 0 | AK62: 0 | AL62: 0 | AM62: 0 | AN62: 0 | AO62: 0 | AP62: 0 | AQ62: 0 | AR62: 0 | AS62: 0 | AT62: 0 | AU62: 0 | AV62: 0 | AW62: 0 | AX62: 0 | AY62: 0 | AZ62: 0 | BA62: 0 | BB62: 0 | BC62: 0 | BD62: 0
A63: 57 | B63: 10036735 | C63: 미래한국병원 | D63: 194903000 | E63: =D63/36 -> 5413972.2 | F63: 구독형 | G63: 30 | H63: 2024-11-28 | I63: 합의된 기한 내 | J63: =M63+O63+Q63+S63+U63+W63+Y63+AA63+AC63+AE63+AG63+AI63+AK63+AM63+AO63+AQ63+AS63+AU63+AW63+AY63+BA63+BC63 -> 194903000 | K63: =N63+P63+R63+T63+V63+X63+Z63+AB63+AD63+AF63+AH63+AJ63+AL63+AN63+AP63+AR63+AT63+AV63+AX63+AZ63+BB63+BD63 -> 194903000 | L63: =K63/J63 -> 1 | M63: 0 | N63: 0 | O63: 194903000 | P63: 0 | Q63: 0 | R63: 0 | S63: 0 | T63: 194903000 | U63: 0 | V63: 0 | W63: 0 | X63: 0 | Y63: 0 | Z63: 0 | AA63: 0 | AB63: 0 | AC63: 0 | AD63: 0 | AE63: 0 | AF63: 0 | AG63: 0 | AH63: 0 | AI63: 0 | AJ63: 0 | AK63: 0 | AL63: 0 | AM63: 0 | AN63: 0 | AO63: 0 | AP63: 0 | AQ63: 0 | AR63: 0 | AS63: 0 | AT63: 0 | AU63: 0 | AV63: 0 | AW63: 0 | AX63: 0 | AY63: 0 | AZ63: 0 | BA63: 0 | BB63: 0 | BC63: 0 | BD63: 0
A64: 58 | B64: 10070515 | C64: 용인제일메디병원 | D64: 146643000 | E64: =D64/36 -> 4073416.7 | F64: 구독형 | G64: 20 | H64: 2025-04-30 | I64: 리스 | J64: =M64+O64+Q64+S64+U64+W64+Y64+AA64+AC64+AE64+AG64+AI64+AK64+AM64+AO64+AQ64+AS64+AU64+AW64+AY64+BA64+BC64 -> 146643000 | K64: =N64+P64+R64+T64+V64+X64+Z64+AB64+AD64+AF64+AH64+AJ64+AL64+AN64+AP64+AR64+AT64+AV64+AX64+AZ64+BB64+BD64 -> 146643000 | L64: =K64/J64 -> 1 | M64: 0 | N64: 0 | O64: 0 | P64: 0 | Q64: 0 | R64: 0 | S64: 0 | T64: 0 | U64: 0 | V64: 0 | W64: 146643000 | X64: 0 | Y64: 0 | Z64: 0 | AA64: 0 | AB64: 0 | AC64: 0 | AD64: 146643000 | AE64: 0 | AF64: 0 | AG64: 0 | AH64: 0 | AI64: 0 | AJ64: 0 | AK64: 0 | AL64: 0 | AM64: 0 | AN64: 0 | AO64: 0 | AP64: 0 | AQ64: 0 | AR64: 0 | AS64: 0 | AT64: 0 | AU64: 0 | AV64: 0 | AW64: 0 | AX64: 0 | AY64: 0 | AZ64: 0 | BA64: 0 | BB64: 0 | BC64: 0 | BD64: 0
A65: 59 | B65: 10037684 | C65: 의료법인대산의료재단 (익산병원) | D65: 233953000 | E65: =D65/36 -> 6498694.4 | F65: 구독형 | G65: 40 | H65: 2025-05-30 | I65: 리스 | J65: =M65+O65+Q65+S65+U65+W65+Y65+AA65+AC65+AE65+AG65+AI65+AK65+AM65+AO65+AQ65+AS65+AU65+AW65+AY65+BA65+BC65 -> 233953000 | K65: =N65+P65+R65+T65+V65+X65+Z65+AB65+AD65+AF65+AH65+AJ65+AL65+AN65+AP65+AR65+AT65+AV65+AX65+AZ65+BB65+BD65 -> 233953000 | L65: =K65/J65 -> 1 | M65: 0 | N65: 0 | O65: 0 | P65: 0 | Q65: 0 | R65: 0 | S65: 0 | T65: 0 | U65: 0 | V65: 0 | W65: 0 | X65: 0 | Y65: 0 | Z65: 0 | AA65: 0 | AB65: 0 | AC65: 233953000 | AD65: 0 | AE65: 0 | AF65: 233953000 | AG65: 0 | AH65: 0 | AI65: 0 | AJ65: 0 | AK65: 0 | AL65: 0 | AM65: 0 | AN65: 0 | AO65: 0 | AP65: 0 | AQ65: 0 | AR65: 0 | AS65: 0 | AT65: 0 | AU65: 0 | AV65: 0 | AW65: 0 | AX65: 0 | AY65: 0 | AZ65: 0 | BA65: 0 | BB65: 0 | BC65: 0 | BD65: 0
A66: 60-1 | B66: 10037863 | C66: 광주씨티병원 | D66: 100053000 | E66: =D66/36 -> 2779250 | F66: 분납형 | G66: 10 | H66: 2025-03-12 | I66: 30일 | J66: =M66+O66+Q66+S66+U66+W66+Y66+AA66+AC66+AE66+AG66+AI66+AK66+AM66+AO66+AQ66+AS66+AU66+AW66+AY66+BA66+BC66 -> 100053000 | K66: =N66+P66+R66+T66+V66+X66+Z66+AB66+AD66+AF66+AH66+AJ66+AL66+AN66+AP66+AR66+AT66+AV66+AX66+AZ66+BB66+BD66 -> 100053000 | L66: =K66/J66 -> 1 | M66: 0 | N66: 0 | O66: 0 | P66: 0 | Q66: 0 | R66: 0 | S66: 100053000 | T66: 0 | U66: 0 | V66: 33300000 | W66: 0 | X66: 33300000 | Y66: 0 | Z66: 33453000 | AA66: 0 | AB66: 0 | AC66: 0 | AD66: 0 | AE66: 0 | AF66: 0 | AG66: 0 | AH66: 0 | AI66: 0 | AJ66: 0 | AK66: 0 | AL66: 0 | AM66: 0 | AN66: 0 | AO66: 0 | AP66: 0 | AQ66: 0 | AR66: 0 | AS66: 0 | AT66: 0 | AV66: 0 | BC66: 0 | BD66: 0
A67: 60-2 | B67: 10037863 | C67: 광주씨티병원 | D67: 299145829 | E67: =D67/36 -> 8309606.4 | F67: 사용량비례형 | G67: 40 | H67: 2026-04-03 | I67: 30일 | J67: =M67+O67+Q67+S67+U67+W67+Y67+AA67+AC67+AE67+AG67+AI67+AK67+AM67+AO67+AQ67+AS67+AU67+AW67+AY67+BA67+BC67 -> 32441000 | K67: =N67+P67+R67+T67+V67+X67+Z67+AB67+AD67+AF67+AH67+AJ67+AL67+AN67+AP67+AR67+AT67+AV67+AX67+AZ67+BB67+BD67 -> 25831000 | L67: =K67/J67 -> 0.79624549 | M67: 0 | N67: 0 | O67: 0 | P67: 0 | Q67: 0 | R67: 0 | T67: 0 | U67: 0 | W67: 0 | Y67: 0 | AA67: 0 | AB67: 0 | AC67: 0 | AD67: 0 | AE67: 0 | AF67: 0 | AG67: 0 | AH67: 0 | AI67: 0 | AJ67: 0 | AK67: 0 | AL67: 0 | AM67: 0 | AN67: 0 | AO67: 0 | AP67: 0 | AQ67: 0 | AR67: 0 | AS67: 0 | AT67: 0 | AU67: 4468999.7 | AV67: 0 | AW67: 6512000 | AX67: 4469000 | AY67: 7334000.3 | AZ67: 6512000 | BA67: 7516000 | BB67: 7334000 | BC67: 6610000 | BD67: 7516000
A68: 61 | B68: 10038000 | C68: 광주현대병원 | D68: 399930000 | E68: =D68/36 -> 11109167 | F68: 구축형 | G68: 35 | H68: 2025-10-13 | I68: 30일 | J68: =M68+O68+Q68+S68+U68+W68+Y68+AA68+AC68+AE68+AG68+AI68+AK68+AM68+AO68+AQ68+AS68+AU68+AW68+AY68+BA68+BC68 -> 399930000 | K68: =N68+P68+R68+T68+V68+X68+Z68+AB68+AD68+AF68+AH68+AJ68+AL68+AN68+AP68+AR68+AT68+AV68+AX68+AZ68+BB68+BD68 -> 378150000 | L68: =K68/J68 -> 0.94554047 | M68: 0 | N68: 0 | O68: 0 | P68: 0 | Q68: 0 | R68: 0 | S68: 0 | T68: 0 | U68: 0 | V68: 0 | W68: 0 | X68: 0 | Y68: 0 | Z68: 0 | AA68: 0 | AB68: 0 | AC68: 0 | AD68: 0 | AE68: 0 | AF68: 0 | AG68: 0 | AH68: 0 | AI68: 378150000 | AJ68: 0 | AK68: 0 | AL68: 378150000 | AM68: 0 | AN68: 0 | AO68: 0 | AP68: 0 | AQ68: 0 | AR68: 0 | AS68: 0 | AT68: 0 | AU68: 0 | AV68: 0 | AW68: 0 | AX68: 0 | AY68: 0 | AZ68: 0 | BA68: 0 | BB68: 0 | BC68: 21780000 | BD68: 0
A69: 62 | B69: 10038047 | C69: 광주병원 | D69: 215127190 | E69: =D69/36 -> 5975755.3 | F69: 분납형 | G69: 30 | H69: 2025-01-24 | I69: 30일 | J69: =M69+O69+Q69+S69+U69+W69+Y69+AA69+AC69+AE69+AG69+AI69+AK69+AM69+AO69+AQ69+AS69+AU69+AW69+AY69+BA69+BC69 -> 215127190 | K69: =N69+P69+R69+T69+V69+X69+Z69+AB69+AD69+AF69+AH69+AJ69+AL69+AN69+AP69+AR69+AT69+AV69+AX69+AZ69+BB69+BD69 -> 215127190 | L69: =K69/J69 -> 1 | M69: 0 | N69: 0 | O69: 0 | P69: 0 | Q69: 215127190 | R69: 0 | S69: 0 | T69: 72000000 | U69: 0 | V69: 72000000 | W69: 0 | X69: 71127190 | Y69: 0 | Z69: 0 | AA69: 0 | AB69: 0 | AC69: 0 | AD69: 0 | AE69: 0 | AF69: 0 | AG69: 0 | AH69: 0 | AI69: 0 | AJ69: 0 | AK69: 0 | AL69: 0 | AM69: 0 | AN69: 0 | AO69: 0 | AP69: 0 | AQ69: 0 | AR69: 0 | AS69: 0 | AT69: 0 | AU69: 0 | AV69: 0 | AW69: 0 | AX69: 0 | AY69: 0 | AZ69: 0 | BA69: 0 | BB69: 0 | BC69: 0 | BD69: 0
A70: 63 | B70: 10038116 | C70: 신가병원 | D70: 180571550 | E70: =D70/36 -> 5015876.4 | F70: 구독형 | G70: 20 | H70: 2024-10-18 | I70: 합의된 기한 내 | J70: =M70+O70+Q70+S70+U70+W70+Y70+AA70+AC70+AE70+AG70+AI70+AK70+AM70+AO70+AQ70+AS70+AU70+AW70+AY70+BA70+BC70 -> 180571550 | K70: =N70+P70+R70+T70+V70+X70+Z70+AB70+AD70+AF70+AH70+AJ70+AL70+AN70+AP70+AR70+AT70+AV70+AX70+AZ70+BB70+BD70 -> 180571550 | L70: =K70/J70 -> 1 | M70: 180571550 | N70: 0 | O70: 0 | P70: 0 | Q70: 0 | R70: 180571550 | S70: 0 | T70: 0 | U70: 0 | V70: 0 | W70: 0 | X70: 0 | Y70: 0 | Z70: 0 | AA70: 0 | AB70: 0 | AC70: 0 | AD70: 0 | AE70: 0 | AF70: 0 | AG70: 0 | AH70: 0 | AI70: 0 | AJ70: 0 | AK70: 0 | AL70: 0 | AM70: 0 | AN70: 0 | AO70: 0 | AP70: 0 | AQ70: 0 | AR70: 0 | AS70: 0 | AT70: 0 | AU70: 0 | AV70: 0 | AW70: 0 | AX70: 0 | AY70: 0 | AZ70: 0 | BA70: 0 | BB70: 0 | BC70: 0 | BD70: 0
A71: 64 | B71: 10038298 | C71: 대송의료재단무안병원 | D71: 170792000 | E71: =D71/36 -> 4744222.2 | F71: 분납형 | G71: 30 | H71: 2025-03-19 | I71: 30일 | J71: =M71+O71+Q71+S71+U71+W71+Y71+AA71+AC71+AE71+AG71+AI71+AK71+AM71+AO71+AQ71+AS71+AU71+AW71+AY71+BA71+BC71 -> 170792000 | K71: =N71+P71+R71+T71+V71+X71+Z71+AB71+AD71+AF71+AH71+AJ71+AL71+AN71+AP71+AR71+AT71+AV71+AX71+AZ71+BB71+BD71 -> 170792000 | L71: =K71/J71 -> 1 | M71: 0 | N71: 0 | O71: 0 | P71: 0 | Q71: 0 | R71: 0 | S71: 0 | T71: 0 | U71: 170792000 | V71: 0 | W71: 0 | X71: 56932000 | Y71: 0 | Z71: 56930000 | AA71: 0 | AB71: 56930000 | AC71: 0 | AD71: 0 | AE71: 0 | AF71: 0 | AG71: 0 | AH71: 0 | AI71: 0 | AJ71: 0 | AK71: 0 | AL71: 0 | AM71: 0 | AN71: 0 | AO71: 0 | AP71: 0 | AQ71: 0 | AR71: 0 | AS71: 0 | AT71: 0 | AU71: 0 | AV71: 0 | AW71: 0 | AX71: 0 | AY71: 0 | AZ71: 0 | BA71: 0 | BB71: 0 | BC71: 0 | BD71: 0
A72: 65 | B72: 10038304 | C72: 의료법인해민의료재단 | D72: 140119700 | E72: =D72/36 -> 3892213.9 | F72: 구독형 | G72: 20 | H72: 2024-08-30 | I72: 말일 | J72: =M72+O72+Q72+S72+U72+W72+Y72+AA72+AC72+AE72+AG72+AI72+AK72+AM72+AO72+AQ72+AS72+AU72+AW72+AY72+BA72+BC72 -> 140119700 | K72: =N72+P72+R72+T72+V72+X72+Z72+AB72+AD72+AF72+AH72+AJ72+AL72+AN72+AP72+AR72+AT72+AV72+AX72+AZ72+BB72+BD72 -> 140119700 | L72: =K72/J72 -> 1 | M72: 140119700 | N72: 0 | O72: 0 | P72: 0 | Q72: 0 | R72: 140119700 | S72: 0 | T72: 0 | U72: 0 | V72: 0 | W72: 0 | X72: 0 | Y72: 0 | Z72: 0 | AA72: 0 | AB72: 0 | AC72: 0 | AD72: 0 | AE72: 0 | AF72: 0 | AG72: 0 | AH72: 0 | AI72: 0 | AJ72: 0 | AK72: 0 | AL72: 0 | AM72: 0 | AN72: 0 | AO72: 0 | AP72: 0 | AQ72: 0 | AR72: 0 | AS72: 0 | AT72: 0 | AU72: 0 | AV72: 0 | AW72: 0 | AX72: 0 | AY72: 0 | AZ72: 0 | BA72: 0 | BB72: 0 | BC72: 0 | BD72: 0
A73: 66 | B73: 10038434 | C73: 행촌의료재단해남병원 | D73: 715869000 | E73: =D73/36 -> 19885250 | F73: 구축형 | G73: 100 | H73: 2025-07-09 | I73: 30일 | J73: =M73+O73+Q73+S73+U73+W73+Y73+AA73+AC73+AE73+AG73+AI73+AK73+AM73+AO73+AQ73+AS73+AU73+AW73+AY73+BA73+BC73 -> 715869000 | K73: =N73+P73+R73+T73+V73+X73+Z73+AB73+AD73+AF73+AH73+AJ73+AL73+AN73+AP73+AR73+AT73+AV73+AX73+AZ73+BB73+BD73 -> 715869000 | L73: =K73/J73 -> 1 | M73: 0 | N73: 0 | O73: 0 | P73: 0 | Q73: 0 | R73: 0 | S73: 0 | T73: 0 | U73: 0 | V73: 0 | W73: 0 | X73: 0 | Y73: 0 | Z73: 0 | AA73: 0 | AB73: 0 | AC73: 0 | AD73: 0 | AE73: 715869000 | AF73: 0 | AG73: 0 | AH73: 0 | AI73: 0 | AJ73: 715869000 | AK73: 0 | AL73: 0 | AM73: 0 | AN73: 0 | AO73: 0 | AP73: 0 | AQ73: 0 | AR73: 0 | AS73: 0 | AT73: 0 | AU73: 0 | AV73: 0 | AW73: 0 | AX73: 0 | AY73: 0 | AZ73: 0 | BA73: 0 | BB73: 0 | BC73: 0 | BD73: 0
A74: 67-1 | B74: 10038606 | C74: (의)한마음의료재단제일병원(여수제일) | D74: 139367500 | E74: =D74/36 -> 3871319.4 | F74: 분납형 | G74: 20 | H74: 2025-05-26 | I74: 30일 | J74: =M74+O74+Q74+S74+U74+W74+Y74+AA74+AC74+AE74+AG74+AI74+AK74+AM74+AO74+AQ74+AS74+AU74+AW74+AY74+BA74+BC74 -> 139367500 | K74: =N74+P74+R74+T74+V74+X74+Z74+AB74+AD74+AF74+AH74+AJ74+AL74+AN74+AP74+AR74+AT74+AV74+AX74+AZ74+BB74+BD74 -> 139367500 | L74: =K74/J74 -> 1 | M74: 0 | N74: 0 | O74: 139367500 | P74: 0 | Q74: 0 | R74: 0 | S74: 0 | T74: 0 | U74: 0 | V74: 0 | W74: 0 | X74: 0 | Y74: 0 | Z74: 79000000 | AA74: 0 | AB74: 30367500 | AC74: 0 | AD74: 0 | AE74: 0 | AF74: 30000000 | AG74: 0 | AH74: 0 | AI74: 0 | AJ74: 0 | AK74: 0 | AL74: 0 | AM74: 0 | AN74: 0 | AO74: 0 | AP74: 0 | AQ74: 0 | AR74: 0 | AS74: 0 | AT74: 0 | AV74: 0 | BC74: 0 | BD74: 0
A75: 67-2 | B75: 10038606 | C75: (의)한마음의료재단제일병원(여수제일) | D75: 786702070 | E75: =D75/36 -> 21852835 | F75: 사용량비례형 | G75: 111 | H75: 2024-12-24 | I75: 30일 | J75: =M75+O75+Q75+S75+U75+W75+Y75+AA75+AC75+AE75+AG75+AI75+AK75+AM75+AO75+AQ75+AS75+AU75+AW75+AY75+BA75+BC75 -> 60767000 | K75: =N75+P75+R75+T75+V75+X75+Z75+AB75+AD75+AF75+AH75+AJ75+AL75+AN75+AP75+AR75+AT75+AV75+AX75+AZ75+BB75+BD75 -> 50849000 | L75: =K75/J75 -> 0.83678641 | M75: 0 | N75: 0 | P75: 0 | Q75: 0 | R75: 0 | S75: 0 | T75: 0 | U75: 0 | V75: 0 | W75: 0 | X75: 0 | Y75: 0 | AA75: 0 | AC75: 0 | AD75: 0 | AE75: 0 | AG75: 0 | AH75: 0 | AI75: 0 | AJ75: 0 | AK75: 0 | AL75: 0 | AM75: 0 | AN75: 0 | AO75: 0 | AP75: 0 | AQ75: 0 | AR75: 0 | AS75: 0 | AT75: 0 | AU75: 10734000 | AV75: 0 | AW75: 14428000 | AX75: 10734000 | AY75: 11959000 | AZ75: 14428000 | BA75: 13728000 | BB75: 11959000 | BC75: 9918000 | BD75: 13728000
A76: 68 | B76: 10092105 | C76: 서울아동병원 | D76: 73513000 | E76: =D76/36 -> 2042027.8 | F76: 구독형 | G76: 8 | H76: 2025-05-02 | I76: 리스 | J76: =M76+O76+Q76+S76+U76+W76+Y76+AA76+AC76+AE76+AG76+AI76+AK76+AM76+AO76+AQ76+AS76+AU76+AW76+AY76+BA76+BC76 -> 73513000 | K76: =N76+P76+R76+T76+V76+X76+Z76+AB76+AD76+AF76+AH76+AJ76+AL76+AN76+AP76+AR76+AT76+AV76+AX76+AZ76+BB76+BD76 -> 73513000 | L76: =K76/J76 -> 1 | M76: 0 | N76: 0 | O76: 0 | P76: 0 | Q76: 0 | R76: 0 | S76: 0 | T76: 0 | U76: 0 | V76: 0 | W76: 73513000 | X76: 0 | Y76: 0 | Z76: 0 | AA76: 0 | AB76: 0 | AC76: 0 | AD76: 0 | AE76: 0 | AF76: 73513000 | AG76: 0 | AH76: 0 | AI76: 0 | AJ76: 0 | AK76: 0 | AL76: 0 | AM76: 0 | AN76: 0 | AO76: 0 | AP76: 0 | AQ76: 0 | AR76: 0 | AS76: 0 | AT76: 0 | AU76: 0 | AV76: 0 | AW76: 0 | AX76: 0 | AY76: 0 | AZ76: 0 | BA76: 0 | BB76: 0 | BC76: 0 | BD76: 0
A77: 69 | B77: 10078174 | C77: 화순고려병원 | D77: 239000000 | E77: =D77/36 -> 6638888.9 | F77: 분납형 | G77: 40 | H77: 2025-06-23 | I77: 30일 | J77: =M77+O77+Q77+S77+U77+W77+Y77+AA77+AC77+AE77+AG77+AI77+AK77+AM77+AO77+AQ77+AS77+AU77+AW77+AY77+BA77+BC77 -> 239000000 | K77: =N77+P77+R77+T77+V77+X77+Z77+AB77+AD77+AF77+AH77+AJ77+AL77+AN77+AP77+AR77+AT77+AV77+AX77+AZ77+BB77+BD77 -> 239000000 | L77: =K77/J77 -> 1 | M77: 0 | N77: 0 | O77: 0 | P77: 0 | Q77: 0 | R77: 0 | S77: 0 | T77: 0 | U77: 0 | V77: 0 | W77: 0 | X77: 0 | Y77: 0 | Z77: 0 | AA77: 0 | AB77: 0 | AC77: 239000000 | AD77: 0 | AE77: 0 | AF77: 80000000 | AG77: 0 | AH77: 80000000 | AI77: 0 | AJ77: 79000000 | AK77: 0 | AL77: 0 | AM77: 0 | AN77: 0 | AO77: 0 | AP77: 0 | AQ77: 0 | AR77: 0 | AS77: 0 | AT77: 0 | AU77: 0 | AV77: 0 | AW77: 0 | AX77: 0 | AY77: 0 | AZ77: 0 | BA77: 0 | BB77: 0 | BC77: 0 | BD77: 0
A78: 70-1 | B78: 10100887 | C78: 유한회사마이파트너(의료기기)-해피뷰병원(4099125282) | D78: 195000000 | E78: =D78/36 -> 5416666.7 | F78: 분납형 | G78: 30 | H78: 2025-05-13 | I78: 30일 | J78: =M78+O78+Q78+S78+U78+W78+Y78+AA78+AC78+AE78+AG78+AI78+AK78+AM78+AO78+AQ78+AS78+AU78+AW78+AY78+BA78+BC78 -> 1.95e+08 | K78: =N78+P78+R78+T78+V78+X78+Z78+AB78+AD78+AF78+AH78+AJ78+AL78+AN78+AP78+AR78+AT78+AV78+AX78+AZ78+BB78+BD78 -> 1.95e+08 | L78: =K78/J78 -> 1 | M78: 0 | N78: 0 | O78: 0 | P78: 0 | Q78: 0 | R78: 0 | S78: 0 | T78: 0 | U78: 0 | V78: 0 | W78: 1.95e+08 | X78: 0 | Y78: 0 | Z78: 1.95e+08 | AA78: 0 | AB78: 0 | AC78: 0 | AD78: 0 | AE78: 0 | AF78: 0 | AG78: 0 | AH78: 0 | AI78: 0 | AJ78: 0 | AK78: 0 | AL78: 0 | AM78: 0 | AO78: 0 | AQ78: 0 | AS78: 0 | AU78: 0 | AW78: 0 | AY78: 0 | BA78: 0 | BB78: 0 | BC78: 0 | BD78: 0
A79: 70-2 | B79: 10100887 | C79: 유한회사마이파트너(의료기기)-해피뷰병원(4099125282) | D79: 24920000 | E79: =D79/36 -> 692222.22 | F79: 구축형 | G79: 7 | H79: 2025-12-31 | I79: 30일 | J79: =M79+O79+Q79+S79+U79+W79+Y79+AA79+AC79+AE79+AG79+AI79+AK79+AM79+AO79+AQ79+AS79+AU79+AW79+AY79+BA79+BC79 -> 24920000 | K79: =N79+P79+R79+T79+V79+X79+Z79+AB79+AD79+AF79+AH79+AJ79+AL79+AN79+AP79+AR79+AT79+AV79+AX79+AZ79+BB79+BD79 -> 24920000 | L79: =K79/J79 -> 1 | M79: 0 | N79: 0 | O79: 0 | P79: 0 | Q79: 0 | R79: 0 | S79: 0 | T79: 0 | U79: 0 | V79: 0 | W79: 0 | X79: 0 | Y79: 0 | Z79: 0 | AA79: 0 | AB79: 0 | AC79: 0 | AD79: 0 | AE79: 0 | AF79: 0 | AG79: 0 | AH79: 0 | AI79: 0 | AJ79: 0 | AK79: 0 | AL79: 0 | AM79: 0 | AN79: 0 | AO79: 0 | AP79: 0 | AQ79: 24920000 | AR79: 0 | AS79: 0 | AT79: 0 | AU79: 0 | AV79: 24920000 | AW79: 0 | AX79: 0 | AY79: 0 | AZ79: 0 | BA79: 0 | BB79: 0 | BC79: 0 | BD79: 0
A80: 71 | B80: 10017056 | C80: 명지성모병원 | D80: 1250330000 | E80: =D80/36 -> 34731389 | F80: 사용량비례형 | G80: 212 | H80: 2025-05-19 | I80: 30일 | J80: =M80+O80+Q80+S80+U80+W80+Y80+AA80+AC80+AE80+AG80+AI80+AK80+AM80+AO80+AQ80+AS80+AU80+AW80+AY80+BA80+BC80 -> 52910001 | K80: =N80+P80+R80+T80+V80+X80+Z80+AB80+AD80+AF80+AH80+AJ80+AL80+AN80+AP80+AR80+AT80+AV80+AX80+AZ80+BB80+BD80 -> 36543000 | L80: =K80/J80 -> 0.69066338 | M80: 0 | N80: 0 | O80: 0 | P80: 0 | Q80: 0 | R80: 0 | S80: 0 | T80: 0 | U80: 0 | V80: 0 | W80: 2.03e+08 | X80: 0 | Y80: 0 | Z80: 0 | AA80: 0 | AB80: 0 | AC80: 0 | AD80: 0 | AE80: 0 | AF80: 0 | AG80: 0 | AH80: 0 | AI80: 0 | AJ80: 0 | AK80: -2.03e+08 | AL80: 0 | AM80: 0 | AN80: 0 | AO80: 1013999.8 | AP80: 0 | AQ80: 1261000.4 | AR80: 1014000 | AS80: 4744999.6 | AT80: 1261000 | AU80: 6344000.3 | AV80: 4745000 | AW80: 7202000.3 | AX80: 6344000 | AY80: 7475000.5 | AZ80: 7202000 | BA80: 8502000 | BB80: 7475000 | BC80: 16367000 | BD80: 8502000
A81: 72 | B81: 10032728 | C81: 의료법인양진의료재단평택성모병원 | D81: 2025000000 | E81: =D81/36 -> 56250000 | F81: 사용량비례형 | G81: 359 | H81: 2025-06-19 | I81: 30일 | J81: =M81+O81+Q81+S81+U81+W81+Y81+AA81+AC81+AE81+AG81+AI81+AK81+AM81+AO81+AQ81+AS81+AU81+AW81+AY81+BA81+BC81 -> 2.93831e+08 | K81: =N81+P81+R81+T81+V81+X81+Z81+AB81+AD81+AF81+AH81+AJ81+AL81+AN81+AP81+AR81+AT81+AV81+AX81+AZ81+BB81+BD81 -> 264163000 | L81: =K81/J81 -> 0.8990304 | M81: 0 | N81: 0 | O81: 0 | P81: 0 | Q81: 0 | R81: 0 | S81: 0 | T81: 0 | U81: 0 | V81: 0 | W81: 0 | X81: 0 | Y81: 0 | Z81: 0 | AA81: 0 | AB81: 0 | AC81: 0 | AD81: 0 | AE81: 0 | AF81: 0 | AG81: 694999.8 | AH81: 0 | AI81: -694999.8 | AJ81: 0 | AK81: 0 | AL81: 0 | AM81: 0 | AN81: 0 | AO81: 0 | AP81: 0 | AQ81: 47495000 | AR81: 0 | AS81: 54941000 | AT81: 47495000 | AU81: 44148000 | AV81: 0 | AW81: 39876000 | AX81: 54941000 | AY81: 39825000 | AZ81: 84024000 | BA81: 37878000 | BB81: 39825000 | BC81: 29668000 | BD81: 37878000
A82: 73 | B82: 10014151 | C82: 의료법인한양의료재단 | D82: 799998000 | E82: =D82/36 -> 22222167 | F82: 사용량비례형 | G82: 90 | H82: 2025-06-24 | I82: 30일 | J82: =M82+O82+Q82+S82+U82+W82+Y82+AA82+AC82+AE82+AG82+AI82+AK82+AM82+AO82+AQ82+AS82+AU82+AW82+AY82+BA82+BC82 -> 2.20869e+08 | K82: =N82+P82+R82+T82+V82+X82+Z82+AB82+AD82+AF82+AH82+AJ82+AL82+AN82+AP82+AR82+AT82+AV82+AX82+AZ82+BB82+BD82 -> 140791000 | L82: =K82/J82 -> 0.6374412 | M82: 0 | N82: 0 | O82: 0 | P82: 0 | Q82: 0 | R82: 0 | S82: 0 | T82: 0 | U82: 0 | V82: 0 | W82: 0 | X82: 0 | Y82: 0 | Z82: 0 | AA82: 0 | AB82: 0 | AC82: 0 | AD82: 0 | AE82: 0 | AF82: 0 | AG82: 0 | AH82: 0 | AI82: 0 | AJ82: 0 | AK82: 0 | AL82: 0 | AM82: 41737000 | AN82: 0 | AO82: 14467000 | AP82: 41737000 | AQ82: 16104000 | AR82: 0 | AS82: 22724000 | AT82: 0 | AU82: 24146000 | AV82: 14467000 | AW82: 21613000 | AX82: 16104000 | AY82: 25080000 | AZ82: 22724000 | BA82: 27016000 | BB82: 24146000 | BC82: 27982000 | BD82: 21613000
A83: 74 | B83: 10014653 | C83: 원주센텀병원 | D83: 314199000 | E83: =D83/36 -> 8727750 | F83: 사용량비례형 | G83: 30 | H83: 2025-09-22 | I83: 30일 | J83: =M83+O83+Q83+S83+U83+W83+Y83+AA83+AC83+AE83+AG83+AI83+AK83+AM83+AO83+AQ83+AS83+AU83+AW83+AY83+BA83+BC83 -> 14907000 | K83: =N83+P83+R83+T83+V83+X83+Z83+AB83+AD83+AF83+AH83+AJ83+AL83+AN83+AP83+AR83+AT83+AV83+AX83+AZ83+BB83+BD83 -> 13407000 | L83: =K83/J83 -> 0.89937616 | M83: 0 | N83: 0 | O83: 0 | P83: 0 | Q83: 0 | R83: 0 | S83: 0 | T83: 0 | U83: 0 | V83: 0 | W83: 0 | X83: 0 | Y83: 0 | Z83: 0 | AA83: 0 | AB83: 0 | AC83: 0 | AD83: 0 | AE83: 0 | AF83: 0 | AG83: 0 | AH83: 0 | AI83: 0 | AJ83: 0 | AK83: 0 | AL83: 0 | AM83: 1320000 | AN83: 0 | AO83: 2691000.4 | AP83: 0 | AQ83: 1651999.8 | AR83: 4011000 | AS83: 1744000.5 | AT83: 0 | AU83: 1499999.6 | AV83: 1744000 | AW83: 1499999.6 | AX83: 3152000 | AY83: 1499999.6 | AZ83: 1500000 | BA83: 1500000 | BB83: 1500000 | BC83: 1500000 | BD83: 1500000
A84: 75 | B84: 10021506 | C84: 의료법인석경의료재단 | D84: 1521496500 | E84: =D84/36 -> 42263792 | F84: 사용량비례형 | G84: 259 | H84: 2025-07-15 | I84: 30일 | J84: =M84+O84+Q84+S84+U84+W84+Y84+AA84+AC84+AE84+AG84+AI84+AK84+AM84+AO84+AQ84+AS84+AU84+AW84+AY84+BA84+BC84 -> 1.96341e+08 | K84: =N84+P84+R84+T84+V84+X84+Z84+AB84+AD84+AF84+AH84+AJ84+AL84+AN84+AP84+AR84+AT84+AV84+AX84+AZ84+BB84+BD84 -> 125440000 | L84: =K84/J84 -> 0.63888847 | M84: 0 | N84: 0 | O84: 0 | P84: 0 | Q84: 0 | R84: 0 | S84: 0 | T84: 0 | U84: 0 | V84: 0 | W84: 0 | X84: 0 | Y84: 0 | Z84: 0 | AA84: 0 | AB84: 0 | AC84: 0 | AD84: 0 | AE84: 0 | AF84: 0 | AG84: 0 | AH84: 0 | AI84: 0 | AJ84: 0 | AK84: 0 | AL84: 0 | AM84: 6695000.4 | AN84: 0 | AO84: 3005999.7 | AP84: 6695000 | AQ84: 43426000 | AR84: 0 | AS84: 34922000 | AT84: 0 | AU84: 13185999 | AV84: 0 | AW84: 27211000 | AX84: 35914000 | AY84: 23620000 | AZ84: 24849000 | BA84: 25779000 | BB84: 30771000 | BC84: 18496000 | BD84: 27211000
A85: 76 | B85: 10031830 | C85: 청구성심병원 | D85: 1560011700 | E85: =D85/36 -> 43333658 | F85: 사용량비례형 | G85: 196 | H85: 2025-09-30 | I85: 30일 | J85: =M85+O85+Q85+S85+U85+W85+Y85+AA85+AC85+AE85+AG85+AI85+AK85+AM85+AO85+AQ85+AS85+AU85+AW85+AY85+BA85+BC85 -> 3.92284e+08 | K85: =N85+P85+R85+T85+V85+X85+Z85+AB85+AD85+AF85+AH85+AJ85+AL85+AN85+AP85+AR85+AT85+AV85+AX85+AZ85+BB85+BD85 -> 342922000 | L85: =K85/J85 -> 0.87416769 | M85: 0 | N85: 0 | O85: 0 | P85: 0 | Q85: 0 | R85: 0 | S85: 0 | T85: 0 | U85: 0 | V85: 0 | W85: 0 | X85: 0 | Y85: 0 | Z85: 0 | AA85: 0 | AB85: 0 | AC85: 0 | AD85: 0 | AE85: 0 | AF85: 0 | AG85: 0 | AH85: 0 | AI85: 0 | AJ85: 0 | AK85: 0 | AL85: 0 | AM85: 30213000 | AN85: 0 | AO85: 40579000 | AP85: 30213000 | AQ85: 35194000 | AR85: 40579000 | AS85: 41632000 | AT85: 35194000 | AU85: 49075000 | AV85: 41632000 | AW85: 47353000 | AX85: 49075000 | AY85: 45954000 | AZ85: 47353000 | BA85: 52922000 | BB85: 45954000 | BC85: 49362000 | BD85: 52922000
A86: 77 | B86: 10032898 | C86: 의료법인쓰임받는사람들의료재단(양주예쓰병원) | D86: 573965000 | E86: =D86/36 -> 15943472 | F86: 사용량비례형 | G86: 100 | H86: 2025-06-30 | I86: 30일 | J86: =M86+O86+Q86+S86+U86+W86+Y86+AA86+AC86+AE86+AG86+AI86+AK86+AM86+AO86+AQ86+AS86+AU86+AW86+AY86+BA86+BC86 -> 45344002 | K86: =N86+P86+R86+T86+V86+X86+Z86+AB86+AD86+AF86+AH86+AJ86+AL86+AN86+AP86+AR86+AT86+AV86+AX86+AZ86+BB86+BD86 -> 35344000 | L86: =K86/J86 -> 0.77946362 | M86: 0 | N86: 0 | O86: 0 | P86: 0 | Q86: 0 | R86: 0 | S86: 0 | T86: 0 | U86: 0 | V86: 0 | W86: 0 | X86: 0 | Y86: 0 | Z86: 0 | AA86: 0 | AB86: 0 | AC86: 0 | AD86: 0 | AE86: 0 | AF86: 0 | AG86: 0 | AH86: 0 | AI86: 0 | AJ86: 0 | AK86: 0 | AL86: 0 | AM86: 5000000.5 | AN86: 0 | AO86: 5000000.5 | AP86: 0 | AQ86: 5000000.5 | AR86: 5000000 | AS86: 5000000.5 | AT86: 5000000 | AU86: 5000000.5 | AV86: 5000000 | AW86: 4999999.4 | AX86: 5000000 | AY86: 5344000.2 | AZ86: 5000000 | BA86: 5000000 | BB86: 5000000 | BC86: 5000000 | BD86: 5344000
A87: 78 | B87: 10034942 | C87: 서울노보스병원 | D87: 886530400 | E87: =D87/36 -> 24625844 | F87: 사용량비례형 | G87: 130 | H87: 2025-07-15 | I87: 30일 | J87: =M87+O87+Q87+S87+U87+W87+Y87+AA87+AC87+AE87+AG87+AI87+AK87+AM87+AO87+AQ87+AS87+AU87+AW87+AY87+BA87+BC87 -> 1.06504e+08 | K87: =N87+P87+R87+T87+V87+X87+Z87+AB87+AD87+AF87+AH87+AJ87+AL87+AN87+AP87+AR87+AT87+AV87+AX87+AZ87+BB87+BD87 -> 92747000 | L87: =K87/J87 -> 0.87083114 | M87: 0 | N87: 0 | O87: 0 | P87: 0 | Q87: 0 | R87: 0 | S87: 0 | T87: 0 | U87: 0 | V87: 0 | W87: 0 | X87: 0 | Y87: 0 | Z87: 0 | AA87: 0 | AB87: 0 | AC87: 0 | AD87: 0 | AE87: 0 | AF87: 0 | AG87: 0 | AH87: 0 | AI87: 0 | AJ87: 0 | AK87: 0 | AL87: 0 | AM87: 4135000.1 | AN87: 0 | AO87: 15279000 | AP87: 4135000 | AQ87: 9724000 | AR87: 15279000 | AS87: 9053000 | AT87: 9724000 | AU87: 9579000.2 | AV87: 9053000 | AW87: 12058000 | AX87: 9579000 | AY87: 13757000 | AZ87: 12058000 | BA87: 15562000 | BB87: 15562000 | BC87: 17357000 | BD87: 17357000
A88: 79 | B88: 10035562 | C88: 의료법인선덕의료재단대성병원 | D88: 532358000 | E88: =D88/36 -> 14787722 | F88: 사용량비례형 | G88: 90 | H88: 2025-07-21 | I88: 30일 | J88: =M88+O88+Q88+S88+U88+W88+Y88+AA88+AC88+AE88+AG88+AI88+AK88+AM88+AO88+AQ88+AS88+AU88+AW88+AY88+BA88+BC88 -> 1.28155e+08 | K88: =N88+P88+R88+T88+V88+X88+Z88+AB88+AD88+AF88+AH88+AJ88+AL88+AN88+AP88+AR88+AT88+AV88+AX88+AZ88+BB88+BD88 -> 111918000 | L88: =K88/J88 -> 0.87330185 | M88: 0 | N88: 0 | O88: 0 | P88: 0 | Q88: 0 | R88: 0 | S88: 0 | T88: 0 | U88: 0 | V88: 0 | W88: 0 | X88: 0 | Y88: 0 | Z88: 0 | AA88: 0 | AB88: 0 | AC88: 0 | AD88: 0 | AE88: 0 | AF88: 0 | AG88: 0 | AH88: 0 | AI88: 0 | AJ88: 0 | AK88: 0 | AL88: 0 | AM88: 2736000.3 | AN88: 0 | AO88: 18061000 | AP88: 2736000 | AQ88: 17876000 | AR88: 0 | AS88: 18840000 | AT88: 35937000 | AU88: 15093000 | AV88: 18840000 | AW88: 12766000 | AX88: 15093000 | AY88: 10933000 | AZ88: 12766000 | BA88: 15613000 | BB88: 10933000 | BC88: 16237000 | BD88: 15613000
A89: 80 | B89: 10035927 | C89: 뿌리병원 | D89: 543904933 | E89: =D89/36 -> 15108470 | F89: 사용량비례형 | G89: 49 | H89: 2025-11-05 | I89: 30일 | J89: =M89+O89+Q89+S89+U89+W89+Y89+AA89+AC89+AE89+AG89+AI89+AK89+AM89+AO89+AQ89+AS89+AU89+AW89+AY89+BA89+BC89 -> 101101002 | K89: =N89+P89+R89+T89+V89+X89+Z89+AB89+AD89+AF89+AH89+AJ89+AL89+AN89+AP89+AR89+AT89+AV89+AX89+AZ89+BB89+BD89 -> 90948000 | L89: =K89/J89 -> 0.89957565 | M89: 0 | N89: 0 | O89: 0 | P89: 0 | Q89: 0 | R89: 0 | S89: 0 | T89: 0 | U89: 0 | V89: 0 | W89: 0 | X89: 0 | Y89: 0 | Z89: 0 | AA89: 0 | AB89: 0 | AC89: 0 | AD89: 0 | AE89: 0 | AF89: 0 | AG89: 0 | AH89: 0 | AI89: 0 | AJ89: 0 | AK89: 0 | AL89: 0 | AM89: 3055000.3 | AN89: 0 | AO89: 12194000 | AP89: 0 | AQ89: 10062000 | AR89: 15249000 | AS89: 15743000 | AT89: 10062000 | AU89: 13273000 | AV89: 15743000 | AW89: 12415000 | AX89: 13273000 | AY89: 13923000 | AZ89: 12415000 | BA89: 10283000 | BB89: 13923000 | BC89: 10153000 | BD89: 10283000
A90: 81 | B90: 10036531 | C90: 건양대학교부여병원 | D90: 283312000 | E90: =D90/36 -> 7869777.8 | F90: 사용량비례형 | G90: 40 | H90: 2025-08-12 | I90: 30일 | J90: =M90+O90+Q90+S90+U90+W90+Y90+AA90+AC90+AE90+AG90+AI90+AK90+AM90+AO90+AQ90+AS90+AU90+AW90+AY90+BA90+BC90 -> 45134001 | K90: =N90+P90+R90+T90+V90+X90+Z90+AB90+AD90+AF90+AH90+AJ90+AL90+AN90+AP90+AR90+AT90+AV90+AX90+AZ90+BB90+BD90 -> 38660000 | L90: =K90/J90 -> 0.85656044 | M90: 0 | N90: 0 | O90: 0 | P90: 0 | Q90: 0 | R90: 0 | S90: 0 | T90: 0 | U90: 0 | V90: 0 | W90: 0 | X90: 0 | Y90: 0 | Z90: 0 | AA90: 0 | AB90: 0 | AC90: 0 | AD90: 0 | AE90: 0 | AF90: 0 | AG90: 0 | AH90: 0 | AI90: 0 | AJ90: 0 | AK90: 0 | AL90: 0 | AM90: 3120000.4 | AN90: 0 | AO90: 4914000.3 | AP90: 3120000 | AQ90: 3276000.2 | AR90: 4914000 | AS90: 4719000 | AT90: 3276000 | AU90: 4523999.7 | AV90: 0 | AW90: 5068000.3 | AX90: 9243000 | AY90: 5265000.4 | AZ90: 5068000 | BA90: 7774000 | BB90: 5265000 | BC90: 6474000 | BD90: 7774000
... A144: 135 | B144: 10071000 | C144: 광주365재활병원 | D144: 964665266 | E144: =D144/36 -> 26796257 | F144: 사용량비례형 | G144: 90 | H144: 2026-01-13 | I144: 30일 | J144: =M144+O144+Q144+S144+U144+W144+Y144+AA144+AC144+AE144+AG144+AI144+AK144+AM144+AO144+AQ144+AS144+AU144+AW144+AY144+BA144+BC144 -> 71106999 | K144: =N144+P144+R144+T144+V144+X144+Z144+AB144+AD144+AF144+AH144+AJ144+AL144+AN144+AP144+AR144+AT144+AV144+AX144+AZ144+BB144+BD144 -> 71107000 | L144: =K144/J144 -> 1 | M144: 0 | N144: 0 | O144: 0 | P144: 0 | Q144: 0 | R144: 0 | S144: 0 | T144: 0 | U144: 0 | V144: 0 | W144: 0 | X144: 0 | Y144: 0 | Z144: 0 | AA144: 0 | AB144: 0 | AC144: 0 | AD144: 0 | AE144: 0 | AF144: 0 | AG144: 0 | AH144: 0 | AI144: 0 | AJ144: 0 | AK144: 0 | AL144: 0 | AM144: 0 | AN144: 0 | AO144: 0 | AP144: 0 | AQ144: 0 | AR144: 0 | AS144: 6239999.7 | AT144: 0 | AU144: 12179000 | AV144: 0 | AW144: 14987000 | AX144: 18419000 | AY144: 14544000 | AZ144: 29531000 | BA144: 12314000 | BB144: 12314000 | BC144: 10843000 | BD144: 10843000
A145: 136 | B145: 10073012 | C145: 영암한국병원 | D145: 592753733 | E145: =D145/36 -> 16465381 | F145: 사용량비례형 | G145: 60 | H145: 46041 | I145: 30일 | J145: =M145+O145+Q145+S145+U145+W145+Y145+AA145+AC145+AE145+AG145+AI145+AK145+AM145+AO145+AQ145+AS145+AU145+AW145+AY145+BA145+BC145 -> 76019000 | K145: =N145+P145+R145+T145+V145+X145+Z145+AB145+AD145+AF145+AH145+AJ145+AL145+AN145+AP145+AR145+AT145+AV145+AX145+AZ145+BB145+BD145 -> 49729000 | L145: =K145/J145 -> 0.65416541 | M145: 0 | N145: 0 | O145: 0 | P145: 0 | Q145: 0 | R145: 0 | S145: 0 | T145: 0 | U145: 0 | V145: 0 | W145: 0 | X145: 0 | Y145: 0 | Z145: 0 | AA145: 0 | AB145: 0 | AC145: 0 | AD145: 0 | AE145: 0 | AF145: 0 | AG145: 0 | AH145: 0 | AI145: 0 | AJ145: 0 | AK145: 0 | AL145: 0 | AM145: 0 | AN145: 0 | AO145: 0 | AP145: 0 | AQ145: 0 | AR145: 0 | AS145: 13152000 | AT145: 0 | AU145: 18738000 | AV145: 13152000 | AW145: 8061000.2 | AX145: 18738000 | AY145: 0 | AZ145: 8061000 | BA145: 23335000 | BB145: 0 | BC145: 12733000 | BD145: 9778000
A146: 137 | B146: 10089241 | C146: 미라클병원 | D146: 520086567 | E146: =D146/36 -> 14446849 | F146: 사용량비례형 | G146: 50 | H146: 2025-11-05 | I146: 30일 | J146: =M146+O146+Q146+S146+U146+W146+Y146+AA146+AC146+AE146+AG146+AI146+AK146+AM146+AO146+AQ146+AS146+AU146+AW146+AY146+BA146+BC146 -> 2431000 | K146: =N146+P146+R146+T146+V146+X146+Z146+AB146+AD146+AF146+AH146+AJ146+AL146+AN146+AP146+AR146+AT146+AV146+AX146+AZ146+BB146+BD146 -> 1348000 | L146: =K146/J146 -> 0.55450432 | M146: 0 | N146: 0 | O146: 0 | P146: 0 | Q146: 0 | R146: 0 | S146: 0 | T146: 0 | U146: 0 | V146: 0 | W146: 0 | X146: 0 | Y146: 0 | Z146: 0 | AA146: 0 | AB146: 0 | AC146: 0 | AD146: 0 | AE146: 0 | AF146: 0 | AG146: 0 | AH146: 0 | AI146: 0 | AJ146: 0 | AK146: 0 | AL146: 0 | AM146: 0 | AN146: 0 | AO146: 0 | AP146: 0 | AQ146: 0 | AR146: 0 | AS146: 352000 | AT146: 0 | AU146: 128000.4 | AV146: 0 | AW146: 868000.1 | AX146: 0 | AY146: 389999.5 | AZ146: 0 | BA146: 497000 | BB146: 1348000 | BC146: 196000 | BD146: 0
A147: 138 | B147: 10015488 | C147: 의인의료재단차병원 | D147: 293672600 | E147: =D147/36 -> 8157572.2 | F147: 사용량비례형 | G147: 30 | H147: 2025-12-31 | I147: 30일 | J147: =M147+O147+Q147+S147+U147+W147+Y147+AA147+AC147+AE147+AG147+AI147+AK147+AM147+AO147+AQ147+AS147+AU147+AW147+AY147+BA147+BC147 -> 50624000 | K147: =N147+P147+R147+T147+V147+X147+Z147+AB147+AD147+AF147+AH147+AJ147+AL147+AN147+AP147+AR147+AT147+AV147+AX147+AZ147+BB147+BD147 -> 40256000 | L147: =K147/J147 -> 0.79519596 | M147: 0 | N147: 0 | O147: 0 | P147: 0 | Q147: 0 | R147: 0 | S147: 0 | T147: 0 | U147: 0 | V147: 0 | W147: 0 | X147: 0 | Y147: 0 | Z147: 0 | AA147: 0 | AB147: 0 | AC147: 0 | AD147: 0 | AE147: 0 | AF147: 0 | AG147: 0 | AH147: 0 | AI147: 0 | AJ147: 0 | AK147: 0 | AL147: 0 | AM147: 0 | AN147: 0 | AO147: 0 | AP147: 0 | AQ147: 0 | AR147: 0 | AS147: 0 | AT147: 0 | AU147: 9920000.2 | AV147: 0 | AW147: 10320000 | AX147: 9920000 | AY147: 10144000 | AZ147: 10320000 | BA147: 9872000 | BB147: 10144000 | BC147: 10368000 | BD147: 9872000
A148: 139 | B148: 10032163 | C148: 척편한병원 | D148: 380117430 | E148: =D148/36 -> 10558818 | F148: 사용량비례형 | G148: 30 | H148: 2025-12-30 | I148: 30일 | J148: =M148+O148+Q148+S148+U148+W148+Y148+AA148+AC148+AE148+AG148+AI148+AK148+AM148+AO148+AQ148+AS148+AU148+AW148+AY148+BA148+BC148 -> 18045000 | K148: =N148+P148+R148+T148+V148+X148+Z148+AB148+AD148+AF148+AH148+AJ148+AL148+AN148+AP148+AR148+AT148+AV148+AX148+AZ148+BB148+BD148 -> 6555000 | L148: =K148/J148 -> 0.36325852 | M148: 0 | N148: 0 | O148: 0 | P148: 0 | Q148: 0 | R148: 0 | S148: 0 | T148: 0 | U148: 0 | V148: 0 | W148: 0 | X148: 0 | Y148: 0 | Z148: 0 | AA148: 0 | AB148: 0 | AC148: 0 | AD148: 0 | AE148: 0 | AF148: 0 | AG148: 0 | AH148: 0 | AI148: 0 | AJ148: 0 | AK148: 0 | AL148: 0 | AM148: 0 | AN148: 0 | AO148: 0 | AP148: 0 | AQ148: 0 | AR148: 0 | AS148: 0 | AT148: 0 | AU148: 2838999.9 | AV148: 0 | AW148: 3716000.2 | AX148: 0 | AY148: 3148999.7 | AZ148: 2839000 | BA148: 4988000 | BB148: 0 | BC148: 3353000 | BD148: 3716000
A149: 140 | B149: 10032900 | C149: 의료법인일심의료재단포천우리병원 | D149: 976920919 | E149: =D149/36 -> 27136692 | F149: 사용량비례형 | G149: 100 | H149: 2026-02-13 | I149: 30일 | J149: =M149+O149+Q149+S149+U149+W149+Y149+AA149+AC149+AE149+AG149+AI149+AK149+AM149+AO149+AQ149+AS149+AU149+AW149+AY149+BA149+BC149 -> 94107000 | K149: =N149+P149+R149+T149+V149+X149+Z149+AB149+AD149+AF149+AH149+AJ149+AL149+AN149+AP149+AR149+AT149+AV149+AX149+AZ149+BB149+BD149 -> 68748000 | L149: =K149/J149 -> 0.73053014 | M149: 0 | N149: 0 | O149: 0 | P149: 0 | Q149: 0 | R149: 0 | S149: 0 | T149: 0 | U149: 0 | V149: 0 | W149: 0 | X149: 0 | Y149: 0 | Z149: 0 | AA149: 0 | AB149: 0 | AC149: 0 | AD149: 0 | AE149: 0 | AF149: 0 | AG149: 0 | AH149: 0 | AI149: 0 | AJ149: 0 | AK149: 0 | AL149: 0 | AM149: 0 | AN149: 0 | AO149: 0 | AP149: 0 | AQ149: 0 | AR149: 0 | AS149: 0 | AT149: 0 | AU149: 19517000 | AV149: 0 | AW149: 12515000 | AX149: 19517000 | AY149: 18836000 | AZ149: 12515000 | BA149: 17880000 | BB149: 18836000 | BC149: 25359000 | BD149: 17880000
A150: 141 | B150: 10033272 | C150: 부천순천향대학교의과대학부속병원 | D150: 1151846000 | E150: =D150/36 -> 31995722 | F150: 사용량비례형 | G150: 192 | H150: 2025-12-16 | I150: 30일 | J150: =M150+O150+Q150+S150+U150+W150+Y150+AA150+AC150+AE150+AG150+AI150+AK150+AM150+AO150+AQ150+AS150+AU150+AW150+AY150+BA150+BC150 -> 1.14768e+08 | K150: =N150+P150+R150+T150+V150+X150+Z150+AB150+AD150+AF150+AH150+AJ150+AL150+AN150+AP150+AR150+AT150+AV150+AX150+AZ150+BB150+BD150 -> 93151000 | L150: =K150/J150 -> 0.8116461 | M150: 0 | N150: 0 | O150: 0 | P150: 0 | Q150: 0 | R150: 0 | S150: 0 | T150: 0 | U150: 0 | V150: 0 | W150: 0 | X150: 0 | Y150: 0 | Z150: 0 | AA150: 0 | AB150: 0 | AC150: 0 | AD150: 0 | AE150: 0 | AF150: 0 | AG150: 0 | AH150: 0 | AI150: 0 | AJ150: 0 | AK150: 0 | AL150: 0 | AM150: 0 | AN150: 0 | AO150: 0 | AP150: 0 | AQ150: 0 | AR150: 0 | AS150: 0 | AT150: 0 | AU150: 24794000 | AV150: 0 | AW150: 23052000 | AX150: 24794000 | AY150: 22319000 | AZ150: 21652000 | BA150: 22986000 | BB150: 23719000 | BC150: 21617000 | BD150: 22986000
A151: 142 | B151: 10033479 | C151: 의료법인양평의료재단 | D151: 291461099 | E151: =D151/36 -> 8096141.6 | F151: 사용량비례형 | G151: 30 | H151: 45476 | I151: 을이 지정한 매월 동일일 | J151: =M151+O151+Q151+S151+U151+W151+Y151+AA151+AC151+AE151+AG151+AI151+AK151+AM151+AO151+AQ151+AS151+AU151+AW151+AY151+BA151+BC151 -> 15024000 | K151: =N151+P151+R151+T151+V151+X151+Z151+AB151+AD151+AF151+AH151+AJ151+AL151+AN151+AP151+AR151+AT151+AV151+AX151+AZ151+BB151+BD151 -> 10880000 | L151: =K151/J151 -> 0.72417467 | M151: 0 | N151: 0 | O151: 0 | P151: 0 | Q151: 0 | R151: 0 | S151: 0 | T151: 0 | U151: 0 | V151: 0 | W151: 0 | X151: 0 | Y151: 0 | Z151: 0 | AA151: 0 | AB151: 0 | AC151: 0 | AD151: 0 | AE151: 0 | AF151: 0 | AG151: 0 | AH151: 0 | AI151: 0 | AJ151: 0 | AK151: 0 | AL151: 0 | AM151: 0 | AN151: 0 | AO151: 0 | AP151: 0 | AQ151: 0 | AR151: 0 | AS151: 0 | AT151: 0 | AU151: 1968000.1 | AV151: 0 | AW151: 2479999.5 | AX151: 1968000 | AY151: 2640000 | AZ151: 2480000 | BA151: 3792000 | BB151: 2640000 | BC151: 4144000 | BD151: 3792000
A152: 143 | B152: 10034707 | C152: 혜민병원 | D152: 419812248 | E152: =D152/36 -> 11661451 | F152: 사용량비례형 | G152: 50 | H152: 2026-02-24 | I152: 익월 말 | J152: =M152+O152+Q152+S152+U152+W152+Y152+AA152+AC152+AE152+AG152+AI152+AK152+AM152+AO152+AQ152+AS152+AU152+AW152+AY152+BA152+BC152 -> 58706000 | K152: =N152+P152+R152+T152+V152+X152+Z152+AB152+AD152+AF152+AH152+AJ152+AL152+AN152+AP152+AR152+AT152+AV152+AX152+AZ152+BB152+BD152 -> 47890000 | L152: =K152/J152 -> 0.81575988 | M152: 0 | N152: 0 | O152: 0 | P152: 0 | Q152: 0 | R152: 0 | S152: 0 | T152: 0 | U152: 0 | V152: 0 | W152: 0 | X152: 0 | Y152: 0 | Z152: 0 | AA152: 0 | AB152: 0 | AC152: 0 | AD152: 0 | AE152: 0 | AF152: 0 | AG152: 0 | AH152: 0 | AI152: 0 | AJ152: 0 | AK152: 0 | AL152: 0 | AM152: 0 | AN152: 0 | AO152: 0 | AP152: 0 | AQ152: 0 | AR152: 0 | AS152: 0 | AT152: 0 | AU152: 13442000 | AV152: 0 | AW152: 16544000 | AX152: 13442000 | AY152: 5264000.5 | AZ152: 10272000 | BA152: 12640000 | BB152: 1264000 | BC152: 10816000 | BD152: 22912000
A153: 144 | B153: 10036166 | C153: 씨엔씨재활의학과병원 | D153: 414142925 | E153: =D153/36 -> 11503970 | F153: 사용량비례형 | G153: 40 | H153: 2026-02-09 | I153: 30일 | J153: =M153+O153+Q153+S153+U153+W153+Y153+AA153+AC153+AE153+AG153+AI153+AK153+AM153+AO153+AQ153+AS153+AU153+AW153+AY153+BA153+BC153 -> 52386999 | K153: =N153+P153+R153+T153+V153+X153+Z153+AB153+AD153+AF153+AH153+AJ153+AL153+AN153+AP153+AR153+AT153+AV153+AX153+AZ153+BB153+BD153 -> 41987000 | L153: =K153/J153 -> 0.80147747 | M153: 0 | N153: 0 | O153: 0 | P153: 0 | Q153: 0 | R153: 0 | S153: 0 | T153: 0 | U153: 0 | V153: 0 | W153: 0 | X153: 0 | Y153: 0 | Z153: 0 | AA153: 0 | AB153: 0 | AC153: 0 | AD153: 0 | AE153: 0 | AF153: 0 | AG153: 0 | AH153: 0 | AI153: 0 | AJ153: 0 | AK153: 0 | AL153: 0 | AM153: 0 | AN153: 0 | AO153: 0 | AP153: 0 | AQ153: 0 | AR153: 0 | AS153: 0 | AT153: 0 | AU153: 10400000 | AV153: 0 | AW153: 10787000 | AX153: 0 | AY153: 10400000 | AZ153: 21187000 | BA153: 10400000 | BB153: 10400000 | BC153: 10400000 | BD153: 10400000
A154: 145 | B154: 10037919 | C154: 화순전남대학교병원 | D154: 1413898200 | E154: =D154/36 -> 39274950 | F154: 사용량비례형 | G154: 341 | H154: 2026-02-28 | I154: 익월 27일 | J154: =M154+O154+Q154+S154+U154+W154+Y154+AA154+AC154+AE154+AG154+AI154+AK154+AM154+AO154+AQ154+AS154+AU154+AW154+AY154+BA154+BC154 -> 45142866 | K154: =N154+P154+R154+T154+V154+X154+Z154+AB154+AD154+AF154+AH154+AJ154+AL154+AN154+AP154+AR154+AT154+AV154+AX154+AZ154+BB154+BD154 -> 33496377 | L154: =K154/J154 -> 0.7420082 | M154: 0 | N154: 0 | O154: 0 | P154: 0 | Q154: 0 | R154: 0 | S154: 0 | T154: 0 | U154: 0 | V154: 0 | W154: 0 | X154: 0 | Y154: 0 | Z154: 0 | AA154: 0 | AB154: 0 | AC154: 0 | AD154: 0 | AE154: 0 | AF154: 0 | AG154: 0 | AH154: 0 | AI154: 0 | AJ154: 0 | AK154: 0 | AL154: 0 | AM154: 0 | AN154: 0 | AO154: 0 | AP154: 0 | AQ154: 0 | AR154: 0 | AS154: 0 | AT154: 0 | AU154: 5133068.6 | AV154: 0 | AW154: 5812665.1 | AX154: 5133069 | AY154: 11327892 | AZ154: 5812665 | BA154: 11222751 | BB154: 11327892 | BC154: 11646489 | BD154: 11222751
A155: 146 | B155: 10039694 | C155: 석촌의료재단성주무강병원 | D155: 402038130 | E155: =D155/36 -> 11167726 | F155: 사용량비례형 | G155: 43 | H155: 2026-02-03 | I155: 30일 | J155: =M155+O155+Q155+S155+U155+W155+Y155+AA155+AC155+AE155+AG155+AI155+AK155+AM155+AO155+AQ155+AS155+AU155+AW155+AY155+BA155+BC155 -> 12480000 | K155: =N155+P155+R155+T155+V155+X155+Z155+AB155+AD155+AF155+AH155+AJ155+AL155+AN155+AP155+AR155+AT155+AV155+AX155+AZ155+BB155+BD155 -> 9891000 | L155: =K155/J155 -> 0.79254806 | M155: 0 | N155: 0 | O155: 0 | P155: 0 | Q155: 0 | R155: 0 | S155: 0 | T155: 0 | U155: 0 | V155: 0 | W155: 0 | X155: 0 | Y155: 0 | Z155: 0 | AA155: 0 | AB155: 0 | AC155: 0 | AD155: 0 | AE155: 0 | AF155: 0 | AG155: 0 | AH155: 0 | AI155: 0 | AJ155: 0 | AK155: 0 | AL155: 0 | AM155: 0 | AN155: 0 | AO155: 0 | AP155: 0 | AQ155: 0 | AR155: 0 | AS155: 0 | AT155: 0 | AU155: 1088000.1 | AV155: 0 | AW155: 1263000.2 | AX155: 0 | AY155: 3740999.9 | AZ155: 2351000 | BA155: 3799000 | BB155: 3741000 | BC155: 2589000 | BD155: 3799000
A156: 147 | B156: 10041601 | C156: 인제대학교해운대백병원 | D156: 748709000 | E156: =D156/36 -> 20797472 | F156: 사용량비례형 | G156: 55 | H156: 2026-03-00 | I156: 지정기한 내 | J156: =M156+O156+Q156+S156+U156+W156+Y156+AA156+AC156+AE156+AG156+AI156+AK156+AM156+AO156+AQ156+AS156+AU156+AW156+AY156+BA156+BC156 -> 44324999 | K156: =N156+P156+R156+T156+V156+X156+Z156+AB156+AD156+AF156+AH156+AJ156+AL156+AN156+AP156+AR156+AT156+AV156+AX156+AZ156+BB156+BD156 -> 250000 | L156: =K156/J156 -> 0.005640158 | M156: 0 | N156: 0 | O156: 0 | P156: 0 | Q156: 0 | R156: 0 | S156: 0 | T156: 0 | U156: 0 | V156: 0 | W156: 0 | X156: 0 | Y156: 0 | Z156: 0 | AA156: 0 | AB156: 0 | AC156: 0 | AD156: 0 | AE156: 0 | AF156: 0 | AG156: 0 | AH156: 0 | AI156: 0 | AJ156: 0 | AK156: 0 | AL156: 0 | AM156: 0 | AN156: 0 | AO156: 0 | AP156: 0 | AQ156: 0 | AR156: 0 | AS156: 0 | AT156: 0 | AU156: 250000.3 | AV156: 0 | AW156: 13843000 | AX156: 250000 | AY156: 15162000 | AZ156: 0 | BA156: 8378000 | BB156: 0 | BC156: 6692000 | BD156: 0
A157: 148 | B157: 10041832 | C157: 서일의료재단기장병원 | D157: 526336206 | E157: =D157/36 -> 14620450 | F157: 사용량비례형 | G157: 50 | H157: 2026-02-05 | I157: 30일 | J157: =M157+O157+Q157+S157+U157+W157+Y157+AA157+AC157+AE157+AG157+AI157+AK157+AM157+AO157+AQ157+AS157+AU157+AW157+AY157+BA157+BC157 -> 99696000 | K157: =N157+P157+R157+T157+V157+X157+Z157+AB157+AD157+AF157+AH157+AJ157+AL157+AN157+AP157+AR157+AT157+AV157+AX157+AZ157+BB157+BD157 -> 79952000 | L157: =K157/J157 -> 0.80195796 | M157: 0 | N157: 0 | O157: 0 | P157: 0 | Q157: 0 | R157: 0 | S157: 0 | T157: 0 | U157: 0 | V157: 0 | W157: 0 | X157: 0 | Y157: 0 | Z157: 0 | AA157: 0 | AB157: 0 | AC157: 0 | AD157: 0 | AE157: 0 | AF157: 0 | AG157: 0 | AH157: 0 | AI157: 0 | AJ157: 0 | AK157: 0 | AL157: 0 | AM157: 0 | AN157: 0 | AO157: 0 | AP157: 0 | AQ157: 0 | AR157: 0 | AS157: 0 | AT157: 0 | AU157: 14112000 | AV157: 0 | AW157: 22640000 | AX157: 14112000 | AY157: 21200000 | AZ157: 22640000 | BA157: 22000000 | BB157: 21200000 | BC157: 19744000 | BD157: 22000000
A158: 149 | B158: 10042527 | C158: 엠에스(MS)재건병원 | D158: 514039097 | E158: =D158/36 -> 14278864 | F158: 사용량비례형 | G158: 40 | H158: 2025-12-31 | I158: 30일 | J158: =M158+O158+Q158+S158+U158+W158+Y158+AA158+AC158+AE158+AG158+AI158+AK158+AM158+AO158+AQ158+AS158+AU158+AW158+AY158+BA158+BC158 -> 43456001 | K158: =N158+P158+R158+T158+V158+X158+Z158+AB158+AD158+AF158+AH158+AJ158+AL158+AN158+AP158+AR158+AT158+AV158+AX158+AZ158+BB158+BD158 -> 36816000 | L158: =K158/J158 -> 0.84720175 | M158: 0 | N158: 0 | O158: 0 | P158: 0 | Q158: 0 | R158: 0 | S158: 0 | T158: 0 | U158: 0 | V158: 0 | W158: 0 | X158: 0 | Y158: 0 | Z158: 0 | AA158: 0 | AB158: 0 | AC158: 0 | AD158: 0 | AE158: 0 | AF158: 0 | AG158: 0 | AH158: 0 | AI158: 0 | AJ158: 0 | AK158: 0 | AL158: 0 | AM158: 0 | AN158: 0 | AO158: 0 | AP158: 0 | AQ158: 0 | AR158: 0 | AS158: 0 | AT158: 0 | AU158: 12624000 | AV158: 0 | AW158: 9600000.3 | AX158: 12624000 | AY158: 7930000.1 | AZ158: 9600000 | BA158: 6662000 | BB158: 7930000 | BC158: 6640000 | BD158: 6662000
A159: 150 | B159: 10042934 | C159: 의료법인남촌의료재단 | D159: 261797614 | E159: =D159/36 -> 7272155.9 | F159: 사용량비례형 | G159: 30 | H159: 2026-03-13 | I159: 60일 | J159: =M159+O159+Q159+S159+U159+W159+Y159+AA159+AC159+AE159+AG159+AI159+AK159+AM159+AO159+AQ159+AS159+AU159+AW159+AY159+BA159+BC159 -> 3871999.7 | K159: =N159+P159+R159+T159+V159+X159+Z159+AB159+AD159+AF159+AH159+AJ159+AL159+AN159+AP159+AR159+AT159+AV159+AX159+AZ159+BB159+BD159 -> 2825000 | L159: =K159/J159 -> 0.72959716 | M159: 0 | N159: 0 | O159: 0 | P159: 0 | Q159: 0 | R159: 0 | S159: 0 | T159: 0 | U159: 0 | V159: 0 | W159: 0 | X159: 0 | Y159: 0 | Z159: 0 | AA159: 0 | AB159: 0 | AC159: 0 | AD159: 0 | AE159: 0 | AF159: 0 | AG159: 0 | AH159: 0 | AI159: 0 | AJ159: 0 | AK159: 0 | AL159: 0 | AM159: 0 | AN159: 0 | AO159: 0 | AP159: 0 | AQ159: 0 | AR159: 0 | AS159: 0 | AT159: 0 | AU159: 134999.7 | AV159: 0 | AW159: 435000.5 | AX159: 135000 | AY159: 1071999.5 | AZ159: 435000 | BA159: 1183000 | BB159: 1072000 | BC159: 1047000 | BD159: 1183000
A160: 151 | B160: 10046609 | C160: 씨엔씨푸른병원 | D160: 406783100 | E160: =D160/36 -> 11299531 | F160: 사용량비례형 | G160: 40 | H160: 2026-02-09 | I160: 30일 | J160: =M160+O160+Q160+S160+U160+W160+Y160+AA160+AC160+AE160+AG160+AI160+AK160+AM160+AO160+AQ160+AS160+AU160+AW160+AY160+BA160+BC160 -> 51999998 | K160: =N160+P160+R160+T160+V160+X160+Z160+AB160+AD160+AF160+AH160+AJ160+AL160+AN160+AP160+AR160+AT160+AV160+AX160+AZ160+BB160+BD160 -> 41600000 | L160: =K160/J160 -> 0.80000002 | M160: 0 | N160: 0 | O160: 0 | P160: 0 | Q160: 0 | R160: 0 | S160: 0 | T160: 0 | U160: 0 | V160: 0 | W160: 0 | X160: 0 | Y160: 0 | Z160: 0 | AA160: 0 | AB160: 0 | AC160: 0 | AD160: 0 | AE160: 0 | AF160: 0 | AG160: 0 | AH160: 0 | AI160: 0 | AJ160: 0 | AK160: 0 | AL160: 0 | AM160: 0 | AN160: 0 | AO160: 0 | AP160: 0 | AQ160: 0 | AR160: 0 | AS160: 0 | AT160: 0 | AU160: 10400000 | AV160: 0 | AW160: 10400000 | AX160: 10400000 | AY160: 10400000 | AZ160: 10400000 | BA160: 10400000 | BB160: 10400000 | BC160: 10400000 | BD160: 10400000
A161: 152 | B161: 10050868 | C161: 연세오케이병원 | D161: 337457952 | E161: =D161/36 -> 9373832 | F161: 사용량비례형 | G161: 30 | H161: 2026-03-10 | I161: 30일 | J161: =M161+O161+Q161+S161+U161+W161+Y161+AA161+AC161+AE161+AG161+AI161+AK161+AM161+AO161+AQ161+AS161+AU161+AW161+AY161+BA161+BC161 -> 34422000 | K161: =N161+P161+R161+T161+V161+X161+Z161+AB161+AD161+AF161+AH161+AJ161+AL161+AN161+AP161+AR161+AT161+AV161+AX161+AZ161+BB161+BD161 -> 24230000 | L161: =K161/J161 -> 0.70391029 | M161: 0 | N161: 0 | O161: 0 | P161: 0 | Q161: 0 | R161: 0 | S161: 0 | T161: 0 | U161: 0 | V161: 0 | W161: 0 | X161: 0 | Y161: 0 | Z161: 0 | AA161: 0 | AB161: 0 | AC161: 0 | AD161: 0 | AE161: 0 | AF161: 0 | AG161: 0 | AH161: 0 | AI161: 0 | AJ161: 0 | AK161: 0 | AL161: 0 | AM161: 0 | AN161: 0 | AO161: 0 | AP161: 0 | AQ161: 0 | AR161: 0 | AS161: 0 | AT161: 0 | AU161: 3501999.6 | AV161: 0 | AW161: 6403999.8 | AX161: 0 | AY161: 6244000.4 | AZ161: 9906000 | BA161: 8080000 | BB161: 6244000 | BC161: 10192000 | BD161: 8080000
A162: 153 | B162: 10084743 | C162: 새동산병원 | D162: 334023532 | E162: =D162/36 -> 9278431.4 | F162: 사용량비례형 | G162: 30 | H162: 46036 | I162: 30일 | J162: =M162+O162+Q162+S162+U162+W162+Y162+AA162+AC162+AE162+AG162+AI162+AK162+AM162+AO162+AQ162+AS162+AU162+AW162+AY162+BA162+BC162 -> 58260999 | K162: =N162+P162+R162+T162+V162+X162+Z162+AB162+AD162+AF162+AH162+AJ162+AL162+AN162+AP162+AR162+AT162+AV162+AX162+AZ162+BB162+BD162 -> 47762000 | L162: =K162/J162 -> 0.8197937 | M162: 0 | N162: 0 | O162: 0 | P162: 0 | Q162: 0 | R162: 0 | S162: 0 | T162: 0 | U162: 0 | V162: 0 | W162: 0 | X162: 0 | Y162: 0 | Z162: 0 | AA162: 0 | AB162: 0 | AC162: 0 | AD162: 0 | AE162: 0 | AF162: 0 | AG162: 0 | AH162: 0 | AI162: 0 | AJ162: 0 | AK162: 0 | AL162: 0 | AM162: 0 | AN162: 0 | AO162: 0 | AP162: 0 | AQ162: 0 | AR162: 0 | AS162: 0 | AT162: 0 | AU162: 13013000 | AV162: 0 | AW162: 11487000 | AX162: 13013000 | AY162: 10983000 | AZ162: 11487000 | BA162: 12279000 | BB162: 10983000 | BC162: 10499000 | BD162: 12279000
A163: 154 | B163: 10087161 | C163: 중앙메디컬병원 | D163: 239135897 | E163: =D163/36 -> 6642663.8 | F163: 사용량비례형 | G163: 15 | H163: 2025-12-09 | I163: 30일 | J163: =M163+O163+Q163+S163+U163+W163+Y163+AA163+AC163+AE163+AG163+AI163+AK163+AM163+AO163+AQ163+AS163+AU163+AW163+AY163+BA163+BC163 -> 9461000.7 | K163: =N163+P163+R163+T163+V163+X163+Z163+AB163+AD163+AF163+AH163+AJ163+AL163+AN163+AP163+AR163+AT163+AV163+AX163+AZ163+BB163+BD163 -> 6907000 | L163: =K163/J163 -> 0.73004962 | M163: 0 | N163: 0 | O163: 0 | P163: 0 | Q163: 0 | R163: 0 | S163: 0 | T163: 0 | U163: 0 | V163: 0 | W163: 0 | X163: 0 | Y163: 0 | Z163: 0 | AA163: 0 | AB163: 0 | AC163: 0 | AD163: 0 | AE163: 0 | AF163: 0 | AG163: 0 | AH163: 0 | AI163: 0 | AJ163: 0 | AK163: 0 | AL163: 0 | AM163: 0 | AN163: 0 | AO163: 0 | AP163: 0 | AQ163: 0 | AR163: 0 | AS163: 0 | AT163: 0 | AU163: 1003999.7 | AV163: 0 | AW163: 1469000.5 | AX163: 1004000 | AY163: 1865000.5 | AZ163: 1469000 | BA163: 2569000 | BB163: 0 | BC163: 2554000 | BD163: 4434000
...
